id_noshow,id_reserva,id_club,causa_principal,fricciones_detectadas,lluvia_como_factor,friccion_social_como_factor,num_jugadores_noshow,ingreso_perdido_club_mxn,comision_perdida_gogolf_mxn,perdida_total_estimada_mxn
NSW0000001,RES0000035,CLB002,friccion_social,discrepancia_inventario,NO,SI,1,0.0,0.0,855.02
NSW0000002,RES0000046,CLB005,otro,,NO,NO,1,0.0,0.0,2783.33
NSW0000003,RES0000058,CLB006,friccion_social,anticipacion_insuficiente,NO,SI,3,0.0,0.0,15087.03
NSW0000004,RES0000072,CLB004,friccion_social,llegada_tarde,NO,SI,3,0.0,0.0,2960.31
NSW0000005,RES0000073,CLB002,friccion_social,llegada_tarde,SI,SI,2,0.0,0.0,1285.56
NSW0000006,RES0000084,CLB003,lluvia,,SI,NO,1,0.0,0.0,433.62
NSW0000007,RES0000102,CLB004,otro,,NO,NO,4,0.0,0.0,4108.92
NSW0000008,RES0000112,CLB002,friccion_social,handicap_horario_restringido,NO,SI,2,0.0,0.0,1728.7
NSW0000009,RES0000123,CLB005,otro,,NO,NO,2,0.0,0.0,5485.78
NSW0000010,RES0000125,CLB002,friccion_social,anticipacion_insuficiente,NO,SI,3,0.0,0.0,2004.75
NSW0000011,RES0000138,CLB001,lluvia,,SI,NO,3,0.0,0.0,3379.41
NSW0000012,RES0000139,CLB004,friccion_social,discrepancia_inventario,NO,SI,2,0.0,0.0,1121.9
NSW0000013,RES0000157,CLB006,otro,,NO,NO,1,0.0,0.0,3424.58
NSW0000014,RES0000189,CLB001,otro,,NO,NO,2,0.0,0.0,3881.02
NSW0000015,RES0000201,CLB004,friccion_social,anticipacion_insuficiente,SI,SI,3,0.0,0.0,5516.07
NSW0000016,RES0000202,CLB006,friccion_social,llegada_tarde,NO,SI,2,0.0,0.0,9779.34
NSW0000017,RES0000208,CLB006,otro,,NO,NO,2,0.0,0.0,3933.5
NSW0000018,RES0000211,CLB003,lluvia,,SI,NO,3,0.0,0.0,811.56
NSW0000019,RES0000215,CLB004,lluvia,,SI,NO,4,0.0,0.0,3899.04
NSW0000020,RES0000246,CLB008,friccion_social,anticipacion_insuficiente,NO,SI,4,0.0,0.0,2013.96
NSW0000021,RES0000248,CLB001,otro,,NO,NO,4,0.0,0.0,4441.48
NSW0000022,RES0000267,CLB001,friccion_social,anticipacion_insuficiente,SI,SI,3,0.0,0.0,7441.02
NSW0000023,RES0000277,CLB001,lluvia,,SI,NO,3,0.0,0.0,5926.53
NSW0000024,RES0000282,CLB004,friccion_social,anticipacion_insuficiente,NO,SI,2,0.0,0.0,1077.94
NSW0000025,RES0000304,CLB002,lluvia,,SI,NO,3,0.0,0.0,2673.75
NSW0000026,RES0000330,CLB002,friccion_social,handicap_horario_restringido|anticipacion_insuficiente,SI,SI,3,0.0,0.0,1082.19
NSW0000027,RES0000331,CLB005,friccion_social,handicap_horario_restringido,SI,SI,4,0.0,0.0,11336.08
NSW0000028,RES0000357,CLB008,friccion_social,handicap_horario_restringido|anticipacion_insuficiente,NO,SI,4,0.0,0.0,2986.32
NSW0000029,RES0000377,CLB006,friccion_social,handicap_horario_restringido,SI,SI,3,0.0,0.0,5926.44
NSW0000030,RES0000393,CLB004,lluvia,,SI,NO,3,0.0,0.0,1111.62
NSW0000031,RES0000413,CLB003,friccion_social,llegada_tarde,SI,SI,4,0.0,0.0,1102.28
NSW0000032,RES0000416,CLB005,friccion_social,handicap_horario_restringido,NO,SI,1,0.0,0.0,2808.35
NSW0000033,RES0000425,CLB001,friccion_social,llegada_tarde,SI,SI,1,0.0,0.0,2035.67
NSW0000034,RES0000437,CLB008,friccion_social,llegada_tarde|handicap_horario_restringido,SI,SI,2,0.0,0.0,3782.04
NSW0000035,RES0000450,CLB007,friccion_social,llegada_tarde,NO,SI,1,0.0,0.0,671.4
NSW0000036,RES0000451,CLB005,lluvia,,SI,NO,2,0.0,0.0,1727.24
NSW0000037,RES0000454,CLB006,lluvia,,SI,NO,4,0.0,0.0,7817.16
NSW0000038,RES0000496,CLB006,lluvia,,SI,NO,2,0.0,0.0,9881.42
NSW0000039,RES0000515,CLB009,friccion_social,discrepancia_inventario,SI,SI,2,0.0,0.0,3612.02
NSW0000040,RES0000521,CLB002,otro,,NO,NO,2,0.0,0.0,1284.28
NSW0000041,RES0000553,CLB008,friccion_social,handicap_horario_restringido,SI,SI,4,0.0,0.0,14068.08
NSW0000042,RES0000556,CLB001,lluvia,,SI,NO,3,0.0,0.0,6081.72
NSW0000043,RES0000564,CLB005,lluvia,,SI,NO,3,0.0,0.0,8618.61
NSW0000044,RES0000565,CLB006,friccion_social,llegada_tarde,SI,SI,2,0.0,0.0,7170.4
NSW0000045,RES0000577,CLB003,lluvia,,SI,NO,1,0.0,0.0,274.32
NSW0000046,RES0000581,CLB005,lluvia,,SI,NO,3,0.0,0.0,8416.8
NSW0000047,RES0000588,CLB005,lluvia,,SI,NO,2,0.0,0.0,3043.3
NSW0000048,RES0000596,CLB009,lluvia,,SI,NO,3,0.0,0.0,4691.55
NSW0000049,RES0000616,CLB008,otro,,NO,NO,1,0.0,0.0,3480.24
NSW0000050,RES0000626,CLB004,otro,,NO,NO,2,0.0,0.0,399.9
NSW0000051,RES0000639,CLB007,lluvia,,SI,NO,1,0.0,0.0,653.34
NSW0000052,RES0000686,CLB001,friccion_social,llegada_tarde,SI,SI,3,0.0,0.0,6146.07
NSW0000053,RES0000710,CLB004,friccion_social,llegada_tarde,SI,SI,2,0.0,0.0,1105.38
NSW0000054,RES0000755,CLB006,otro,,NO,NO,3,0.0,0.0,10594.41
NSW0000055,RES0000761,CLB001,lluvia,,SI,NO,4,0.0,0.0,7784.8
NSW0000056,RES0000762,CLB006,lluvia,,SI,NO,3,0.0,0.0,10196.67
NSW0000057,RES0000769,CLB002,lluvia,,SI,NO,4,0.0,0.0,2665.68
NSW0000058,RES0000771,CLB001,otro,,NO,NO,4,0.0,0.0,4415.76
NSW0000059,RES0000778,CLB006,friccion_social,anticipacion_insuficiente,SI,SI,3,0.0,0.0,10332.51
NSW0000060,RES0000781,CLB008,friccion_social,handicap_horario_restringido|anticipacion_insuficiente,SI,SI,2,0.0,0.0,2799.7
NSW0000061,RES0000797,CLB006,friccion_social,anticipacion_insuficiente,NO,SI,3,0.0,0.0,15001.5
NSW0000062,RES0000799,CLB004,lluvia,,SI,NO,3,0.0,0.0,1638.72
NSW0000063,RES0000801,CLB001,friccion_social,handicap_horario_restringido,NO,SI,3,0.0,0.0,7470.36
NSW0000064,RES0000814,CLB007,otro,,NO,NO,3,0.0,0.0,2630.76
NSW0000065,RES0000831,CLB007,lluvia,,SI,NO,1,0.0,0.0,667.3
NSW0000066,RES0000843,CLB001,friccion_social,llegada_tarde,SI,SI,4,0.0,0.0,7913.68
NSW0000067,RES0000846,CLB001,lluvia,,SI,NO,1,0.0,0.0,1962.37
NSW0000068,RES0000847,CLB002,lluvia,,SI,NO,1,0.0,0.0,665.6
NSW0000069,RES0000865,CLB009,lluvia,,SI,NO,3,0.0,0.0,8513.28
NSW0000070,RES0000892,CLB006,otro,,NO,NO,4,0.0,0.0,11174.08
NSW0000071,RES0000895,CLB001,friccion_social,handicap_horario_restringido,SI,SI,4,0.0,0.0,8125.16
NSW0000072,RES0000904,CLB004,lluvia,,SI,NO,2,0.0,0.0,2054.5
NSW0000073,RES0000917,CLB009,friccion_social,llegada_tarde,SI,SI,1,0.0,0.0,966.59
NSW0000074,RES0000926,CLB005,lluvia,,SI,NO,1,0.0,0.0,2836.71
NSW0000075,RES0000952,CLB008,friccion_social,llegada_tarde|handicap_horario_restringido,SI,SI,3,0.0,0.0,10383.75
NSW0000076,RES0000953,CLB002,lluvia,,SI,NO,2,0.0,0.0,630.7
NSW0000077,RES0000960,CLB006,lluvia,,SI,NO,3,0.0,0.0,15335.34
NSW0000078,RES0000967,CLB006,friccion_social,handicap_horario_restringido|anticipacion_insuficiente,SI,SI,2,0.0,0.0,5604.4
NSW0000079,RES0000972,CLB006,friccion_social,anticipacion_insuficiente,NO,SI,3,0.0,0.0,15039.51
NSW0000080,RES0000986,CLB001,lluvia,,SI,NO,4,0.0,0.0,8055.36
NSW0000081,RES0000993,CLB005,lluvia,,SI,NO,4,0.0,0.0,11481.64
NSW0000082,RES0001004,CLB003,lluvia,,SI,NO,1,0.0,0.0,268.49
NSW0000083,RES0001007,CLB006,friccion_social,handicap_horario_restringido|anticipacion_insuficiente,NO,SI,3,0.0,0.0,10349.82
NSW0000084,RES0001019,CLB009,friccion_social,llegada_tarde,NO,SI,3,0.0,0.0,5341.95
NSW0000085,RES0001028,CLB006,friccion_social,anticipacion_insuficiente|discrepancia_inventario,SI,SI,2,0.0,0.0,3842.78
NSW0000086,RES0001039,CLB002,lluvia,,SI,NO,1,0.0,0.0,876.35
NSW0000087,RES0001040,CLB009,friccion_social,anticipacion_insuficiente,SI,SI,4,0.0,0.0,6109.44
NSW0000088,RES0001042,CLB005,friccion_social,anticipacion_insuficiente,SI,SI,1,0.0,0.0,3538.48
NSW0000089,RES0001055,CLB009,friccion_social,handicap_horario_restringido|anticipacion_insuficiente,NO,SI,1,0.0,0.0,834.23
NSW0000090,RES0001064,CLB006,friccion_social,llegada_tarde|anticipacion_insuficiente,SI,SI,3,0.0,0.0,8050.8
NSW0000091,RES0001078,CLB004,lluvia,,SI,NO,2,0.0,0.0,1108.66
NSW0000092,RES0001081,CLB004,lluvia,,SI,NO,2,0.0,0.0,1111.86
NSW0000093,RES0001101,CLB003,friccion_social,discrepancia_inventario,NO,SI,1,0.0,0.0,274.26
NSW0000094,RES0001117,CLB002,lluvia,,SI,NO,2,0.0,0.0,1355.24
NSW0000095,RES0001138,CLB009,lluvia,,SI,NO,2,0.0,0.0,1722.36
NSW0000096,RES0001147,CLB005,lluvia,,SI,NO,2,0.0,0.0,6906.66
NSW0000097,RES0001180,CLB005,friccion_social,anticipacion_insuficiente,SI,SI,1,0.0,0.0,2808.36
NSW0000098,RES0001192,CLB010,friccion_social,llegada_tarde,NO,SI,3,0.0,0.0,4461.57
NSW0000099,RES0001206,CLB004,friccion_social,llegada_tarde,NO,SI,3,0.0,0.0,878.13
NSW0000100,RES0001247,CLB004,lluvia,,SI,NO,3,0.0,0.0,1106.52
NSW0000101,RES0001256,CLB008,otro,,NO,NO,2,0.0,0.0,1504.46
NSW0000102,RES0001282,CLB012,otro,,NO,NO,1,0.0,0.0,1602.04
NSW0000103,RES0001283,CLB012,lluvia,,SI,NO,2,0.0,0.0,3394.22
NSW0000104,RES0001302,CLB010,friccion_social,handicap_horario_restringido,SI,SI,4,0.0,0.0,6144.56
NSW0000105,RES0001304,CLB005,friccion_social,anticipacion_insuficiente,SI,SI,1,0.0,0.0,3434.48
NSW0000106,RES0001307,CLB012,friccion_social,llegada_tarde|discrepancia_inventario,SI,SI,3,0.0,0.0,7538.7
NSW0000107,RES0001308,CLB009,lluvia,,SI,NO,3,0.0,0.0,8416.98
NSW0000108,RES0001313,CLB009,friccion_social,anticipacion_insuficiente,SI,SI,2,0.0,0.0,5539.38
NSW0000109,RES0001327,CLB009,friccion_social,llegada_tarde|anticipacion_insuficiente,NO,SI,4,0.0,0.0,11215.88
NSW0000110,RES0001331,CLB011,otro,,NO,NO,1,0.0,0.0,5898.1
NSW0000111,RES0001342,CLB011,otro,,NO,NO,2,0.0,0.0,11656.9
NSW0000112,RES0001348,CLB012,lluvia,,SI,NO,3,0.0,0.0,4840.2
NSW0000113,RES0001352,CLB012,otro,,NO,NO,3,0.0,0.0,8897.46
NSW0000114,RES0001355,CLB002,lluvia,,SI,NO,3,0.0,0.0,1058.19
NSW0000115,RES0001358,CLB002,lluvia,,SI,NO,3,0.0,0.0,703.98
NSW0000116,RES0001366,CLB004,lluvia,,SI,NO,3,0.0,0.0,3009.66
NSW0000117,RES0001377,CLB011,otro,,NO,NO,3,0.0,0.0,3536.97
NSW0000118,RES0001378,CLB009,lluvia,,SI,NO,2,0.0,0.0,3532.46
NSW0000119,RES0001394,CLB011,otro,,NO,NO,2,0.0,0.0,11930.36
NSW0000120,RES0001406,CLB011,otro,,NO,NO,3,0.0,0.0,17835.36
NSW0000121,RES0001414,CLB001,lluvia,,SI,NO,3,0.0,0.0,7585.86
NSW0000122,RES0001426,CLB011,otro,,NO,NO,1,0.0,0.0,5971.74
NSW0000123,RES0001435,CLB005,lluvia,,SI,NO,4,0.0,0.0,13698.08
NSW0000124,RES0001451,CLB011,friccion_social,llegada_tarde,NO,SI,2,0.0,0.0,12186.22
NSW0000125,RES0001455,CLB003,friccion_social,llegada_tarde,NO,SI,2,0.0,0.0,553.08
NSW0000126,RES0001461,CLB006,friccion_social,handicap_horario_restringido,SI,SI,4,0.0,0.0,13923.4
NSW0000127,RES0001479,CLB008,friccion_social,anticipacion_insuficiente|discrepancia_inventario,NO,SI,4,0.0,0.0,10141.48
NSW0000128,RES0001490,CLB012,lluvia,,SI,NO,2,0.0,0.0,5880.26
NSW0000129,RES0001527,CLB006,friccion_social,discrepancia_inventario,SI,SI,2,0.0,0.0,5587.64
NSW0000130,RES0001538,CLB011,otro,,NO,NO,2,0.0,0.0,12344.76
NSW0000131,RES0001552,CLB005,friccion_social,llegada_tarde,NO,SI,3,0.0,0.0,8308.98
NSW0000132,RES0001553,CLB007,lluvia,,SI,NO,1,0.0,0.0,672.77
NSW0000133,RES0001566,CLB007,lluvia,,SI,NO,1,0.0,0.0,244.8
NSW0000134,RES0001567,CLB004,friccion_social,llegada_tarde|anticipacion_insuficiente,SI,SI,2,0.0,0.0,1087.76
NSW0000135,RES0001569,CLB010,lluvia,,SI,NO,3,0.0,0.0,4443.48
NSW0000136,RES0001610,CLB008,lluvia,,SI,NO,3,0.0,0.0,5666.58
NSW0000137,RES0001644,CLB009,friccion_social,anticipacion_insuficiente,NO,SI,1,0.0,0.0,1814.53
NSW0000138,RES0001650,CLB005,friccion_social,llegada_tarde|anticipacion_insuficiente,NO,SI,1,0.0,0.0,2756.17
NSW0000139,RES0001652,CLB002,otro,,NO,NO,4,0.0,0.0,2668.4
NSW0000140,RES0001656,CLB010,otro,,NO,NO,3,0.0,0.0,4380.12
NSW0000141,RES0001659,CLB011,otro,,NO,NO,2,0.0,0.0,11978.9
NSW0000142,RES0001665,CLB012,friccion_social,llegada_tarde,NO,SI,4,0.0,0.0,6433.56
NSW0000143,RES0001695,CLB002,lluvia,,SI,NO,1,0.0,0.0,905.06
NSW0000144,RES0001701,CLB011,friccion_social,llegada_tarde,NO,SI,1,0.0,0.0,5896.03
NSW0000145,RES0001711,CLB002,otro,,NO,NO,4,0.0,0.0,1294.56
NSW0000146,RES0001727,CLB001,friccion_social,anticipacion_insuficiente,NO,SI,2,0.0,0.0,3987.16
NSW0000147,RES0001737,CLB012,lluvia,,SI,NO,2,0.0,0.0,3370.5
NSW0000148,RES0001747,CLB004,lluvia,,SI,NO,4,0.0,0.0,4036.56
NSW0000149,RES0001775,CLB003,otro,,NO,NO,4,0.0,0.0,1067.92
NSW0000150,RES0001780,CLB002,lluvia,,SI,NO,1,0.0,0.0,660.25
NSW0000151,RES0001829,CLB005,otro,,NO,NO,2,0.0,0.0,3909.5
NSW0000152,RES0001834,CLB012,otro,,NO,NO,2,0.0,0.0,1192.1
NSW0000153,RES0001889,CLB006,friccion_social,llegada_tarde,SI,SI,1,0.0,0.0,1880.36
NSW0000154,RES0001901,CLB005,otro,,NO,NO,2,0.0,0.0,3008.74
NSW0000155,RES0001905,CLB008,friccion_social,handicap_horario_restringido,NO,SI,3,0.0,0.0,7472.55
NSW0000156,RES0001912,CLB012,lluvia,,SI,NO,2,0.0,0.0,4913.78
NSW0000157,RES0001921,CLB009,friccion_social,llegada_tarde,NO,SI,2,0.0,0.0,5556.2
NSW0000158,RES0001936,CLB005,friccion_social,anticipacion_insuficiente,NO,SI,3,0.0,0.0,10500.54
NSW0000159,RES0001950,CLB001,otro,,NO,NO,3,0.0,0.0,2208.03
NSW0000160,RES0001991,CLB006,otro,,NO,NO,1,0.0,0.0,1071.61
NSW0000161,RES0001997,CLB002,lluvia,,SI,NO,3,0.0,0.0,1945.11
NSW0000162,RES0002004,CLB008,lluvia,,SI,NO,2,0.0,0.0,2794.62
NSW0000163,RES0002005,CLB001,otro,,NO,NO,2,0.0,0.0,3952.06
NSW0000164,RES0002011,CLB009,lluvia,,SI,NO,4,0.0,0.0,6993.8
NSW0000165,RES0002054,CLB004,otro,,NO,NO,2,0.0,0.0,1929.9
NSW0000166,RES0002062,CLB009,friccion_social,anticipacion_insuficiente,NO,SI,2,0.0,0.0,1690.24
NSW0000167,RES0002069,CLB003,otro,,NO,NO,1,0.0,0.0,437.47
NSW0000168,RES0002073,CLB006,otro,,NO,NO,4,0.0,0.0,20478.32
NSW0000169,RES0002101,CLB009,otro,,NO,NO,3,0.0,0.0,3047.13
NSW0000170,RES0002106,CLB002,friccion_social,discrepancia_inventario,NO,SI,4,0.0,0.0,2617.56
NSW0000171,RES0002115,CLB001,otro,,NO,NO,3,0.0,0.0,5914.56
NSW0000172,RES0002125,CLB012,otro,,NO,NO,2,0.0,0.0,6146.24
NSW0000173,RES0002149,CLB006,friccion_social,llegada_tarde,NO,SI,3,0.0,0.0,10333.74
NSW0000174,RES0002154,CLB005,friccion_social,anticipacion_insuficiente,NO,SI,1,0.0,0.0,3474.77
NSW0000175,RES0002157,CLB010,otro,,NO,NO,2,0.0,0.0,4336.58
NSW0000176,RES0002160,CLB006,friccion_social,anticipacion_insuficiente,NO,SI,3,0.0,0.0,14739.15
NSW0000177,RES0002173,CLB009,otro,,NO,NO,4,0.0,0.0,11205.92
NSW0000178,RES0002231,CLB007,otro,,NO,NO,2,0.0,0.0,1292.02
NSW0000179,RES0002248,CLB010,otro,,NO,NO,2,0.0,0.0,1656.3
NSW0000180,RES0002264,CLB010,otro,,NO,NO,2,0.0,0.0,4461.2
NSW0000181,RES0002277,CLB006,friccion_social,handicap_horario_restringido|anticipacion_insuficiente,SI,SI,4,0.0,0.0,20559.2
NSW0000182,RES0002287,CLB005,friccion_social,handicap_horario_restringido,NO,SI,2,0.0,0.0,6835.44
NSW0000183,RES0002300,CLB012,lluvia,,SI,NO,3,0.0,0.0,9087.54
NSW0000184,RES0002305,CLB007,lluvia,,SI,NO,3,0.0,0.0,1922.97
NSW0000185,RES0002341,CLB005,otro,,NO,NO,3,0.0,0.0,4643.22
NSW0000186,RES0002342,CLB012,lluvia,,SI,NO,2,0.0,0.0,3373.38
NSW0000187,RES0002355,CLB006,friccion_social,llegada_tarde|handicap_horario_restringido|anticipacion_insuficiente,NO,SI,2,0.0,0.0,5439.4
NSW0000188,RES0002380,CLB012,lluvia,,SI,NO,3,0.0,0.0,7274.28
NSW0000189,RES0002383,CLB002,otro,,NO,NO,2,0.0,0.0,1752.2
NSW0000190,RES0002394,CLB001,friccion_social,llegada_tarde|discrepancia_inventario,NO,SI,1,0.0,0.0,1945.93
NSW0000191,RES0002411,CLB007,otro,,NO,NO,2,0.0,0.0,1346.76
NSW0000192,RES0002413,CLB006,friccion_social,discrepancia_inventario,NO,SI,4,0.0,0.0,14277.2
NSW0000193,RES0002414,CLB013,lluvia,,SI,NO,2,0.0,0.0,9140.5
NSW0000194,RES0002419,CLB009,otro,,NO,NO,4,0.0,0.0,7115.36
NSW0000195,RES0002425,CLB008,friccion_social,anticipacion_insuficiente,SI,SI,3,0.0,0.0,7310.01
NSW0000196,RES0002426,CLB014,lluvia,,SI,NO,4,0.0,0.0,32629.84
NSW0000197,RES0002446,CLB005,otro,,NO,NO,3,0.0,0.0,8483.52
NSW0000198,RES0002456,CLB001,friccion_social,llegada_tarde,NO,SI,4,0.0,0.0,8041.12
NSW0000199,RES0002476,CLB005,friccion_social,anticipacion_insuficiente,SI,SI,4,0.0,0.0,13705.36
NSW0000200,RES0002496,CLB002,lluvia,,SI,NO,3,0.0,0.0,2581.89
NSW0000201,RES0002497,CLB013,friccion_social,llegada_tarde,NO,SI,3,0.0,0.0,16577.16
NSW0000202,RES0002503,CLB008,otro,,NO,NO,1,0.0,0.0,2491.11
NSW0000203,RES0002537,CLB005,otro,,NO,NO,2,0.0,0.0,3047.06
NSW0000204,RES0002600,CLB008,otro,,NO,NO,2,0.0,0.0,7123.34
NSW0000205,RES0002620,CLB011,otro,,NO,NO,4,0.0,0.0,13175.68
NSW0000206,RES0002629,CLB012,otro,,NO,NO,3,0.0,0.0,8754.81
NSW0000207,RES0002631,CLB008,friccion_social,handicap_horario_restringido,NO,SI,4,0.0,0.0,9871.48
NSW0000208,RES0002651,CLB005,otro,,NO,NO,3,0.0,0.0,8384.1
NSW0000209,RES0002662,CLB012,otro,,NO,NO,4,0.0,0.0,6713.32
NSW0000210,RES0002666,CLB013,otro,,NO,NO,3,0.0,0.0,13610.13
NSW0000211,RES0002670,CLB010,friccion_social,llegada_tarde|handicap_horario_restringido,SI,SI,4,0.0,0.0,5914.72
NSW0000212,RES0002679,CLB013,otro,,NO,NO,2,0.0,0.0,8869.98
NSW0000213,RES0002694,CLB013,friccion_social,llegada_tarde,NO,SI,1,0.0,0.0,4542.8
NSW0000214,RES0002715,CLB014,otro,,NO,NO,3,0.0,0.0,12882.66
NSW0000215,RES0002763,CLB012,friccion_social,llegada_tarde,NO,SI,2,0.0,0.0,8977.38
NSW0000216,RES0002775,CLB008,friccion_social,anticipacion_insuficiente,NO,SI,2,0.0,0.0,6872.62
NSW0000217,RES0002783,CLB009,friccion_social,anticipacion_insuficiente,SI,SI,3,0.0,0.0,8211.06
NSW0000218,RES0002791,CLB011,friccion_social,llegada_tarde,NO,SI,3,0.0,0.0,17489.43
NSW0000219,RES0002794,CLB013,otro,,NO,NO,2,0.0,0.0,9237.86
NSW0000220,RES0002800,CLB011,friccion_social,discrepancia_inventario,NO,SI,3,0.0,0.0,10187.67
NSW0000221,RES0002809,CLB004,otro,,NO,NO,2,0.0,0.0,1099.38
NSW0000222,RES0002832,CLB011,otro,,NO,NO,3,0.0,0.0,18036.15
NSW0000223,RES0002836,CLB014,otro,,NO,NO,4,0.0,0.0,17905.96
NSW0000224,RES0002843,CLB004,lluvia,,SI,NO,4,0.0,0.0,3977.52
NSW0000225,RES0002862,CLB005,friccion_social,llegada_tarde|handicap_horario_restringido,NO,SI,1,0.0,0.0,2808.0
NSW0000226,RES0002879,CLB002,otro,,NO,NO,2,0.0,0.0,1306.0
NSW0000227,RES0002900,CLB014,otro,,NO,NO,3,0.0,0.0,12941.46
NSW0000228,RES0002918,CLB011,otro,,NO,NO,2,0.0,0.0,3694.38
NSW0000229,RES0002930,CLB013,friccion_social,discrepancia_inventario,NO,SI,3,0.0,0.0,16217.22
NSW0000230,RES0002934,CLB013,friccion_social,discrepancia_inventario,NO,SI,3,0.0,0.0,3332.37
NSW0000231,RES0002944,CLB013,friccion_social,llegada_tarde,SI,SI,2,0.0,0.0,11323.72
NSW0000232,RES0002989,CLB014,friccion_social,llegada_tarde,NO,SI,1,0.0,0.0,7933.72
NSW0000233,RES0003003,CLB013,lluvia,,SI,NO,3,0.0,0.0,13805.46
NSW0000234,RES0003028,CLB002,friccion_social,llegada_tarde|anticipacion_insuficiente,NO,SI,1,0.0,0.0,662.15
NSW0000235,RES0003068,CLB010,otro,,NO,NO,2,0.0,0.0,1628.78
NSW0000236,RES0003092,CLB011,otro,,NO,NO,3,0.0,0.0,18539.97
NSW0000237,RES0003100,CLB004,otro,,NO,NO,2,0.0,0.0,3679.2
NSW0000238,RES0003119,CLB001,otro,,NO,NO,2,0.0,0.0,2743.34
NSW0000239,RES0003121,CLB009,otro,,NO,NO,2,0.0,0.0,5679.58
NSW0000240,RES0003123,CLB013,lluvia,,SI,NO,4,0.0,0.0,6643.96
NSW0000241,RES0003127,CLB010,otro,,NO,NO,1,0.0,0.0,2199.32
NSW0000242,RES0003130,CLB002,friccion_social,handicap_horario_restringido,NO,SI,1,0.0,0.0,891.5
NSW0000243,RES0003138,CLB011,otro,,NO,NO,2,0.0,0.0,12135.68
NSW0000244,RES0003148,CLB015,friccion_social,llegada_tarde,SI,SI,2,0.0,0.0,2773.62
NSW0000245,RES0003165,CLB013,otro,,NO,NO,1,0.0,0.0,4473.31
NSW0000246,RES0003191,CLB012,lluvia,,SI,NO,2,0.0,0.0,6106.6
NSW0000247,RES0003219,CLB001,friccion_social,anticipacion_insuficiente,NO,SI,2,0.0,0.0,3958.56
NSW0000248,RES0003221,CLB013,friccion_social,llegada_tarde,NO,SI,3,0.0,0.0,13198.38
NSW0000249,RES0003222,CLB007,lluvia,,SI,NO,1,0.0,0.0,676.57
NSW0000250,RES0003229,CLB014,otro,,NO,NO,2,0.0,0.0,15861.8
NSW0000251,RES0003240,CLB014,otro,,NO,NO,4,0.0,0.0,31089.84
NSW0000252,RES0003242,CLB012,friccion_social,llegada_tarde,NO,SI,2,0.0,0.0,6057.22
NSW0000253,RES0003243,CLB010,friccion_social,llegada_tarde,NO,SI,3,0.0,0.0,4499.55
NSW0000254,RES0003256,CLB013,friccion_social,llegada_tarde,NO,SI,2,0.0,0.0,8959.02
NSW0000255,RES0003258,CLB008,friccion_social,handicap_horario_restringido,NO,SI,2,0.0,0.0,5010.48
NSW0000256,RES0003267,CLB014,otro,,NO,NO,2,0.0,0.0,16421.32
NSW0000257,RES0003271,CLB013,otro,,NO,NO,3,0.0,0.0,16247.79
NSW0000258,RES0003277,CLB008,friccion_social,handicap_horario_restringido,SI,SI,2,0.0,0.0,7069.4
NSW0000259,RES0003296,CLB004,friccion_social,llegada_tarde,NO,SI,4,0.0,0.0,3977.6
NSW0000260,RES0003301,CLB001,friccion_social,discrepancia_inventario,NO,SI,1,0.0,0.0,2493.3
NSW0000261,RES0003304,CLB009,otro,,NO,NO,3,0.0,0.0,8191.08
NSW0000262,RES0003309,CLB001,friccion_social,handicap_horario_restringido,NO,SI,3,0.0,0.0,4049.76
NSW0000263,RES0003311,CLB013,otro,,NO,NO,2,0.0,0.0,10957.94
NSW0000264,RES0003315,CLB002,friccion_social,llegada_tarde,NO,SI,3,0.0,0.0,2604.3
NSW0000265,RES0003329,CLB014,otro,,NO,NO,3,0.0,0.0,29395.71
NSW0000266,RES0003337,CLB005,otro,,NO,NO,3,0.0,0.0,10240.5
NSW0000267,RES0003349,CLB015,friccion_social,anticipacion_insuficiente,NO,SI,2,0.0,0.0,5130.84
NSW0000268,RES0003383,CLB003,friccion_social,llegada_tarde,NO,SI,2,0.0,0.0,563.7
NSW0000269,RES0003420,CLB010,friccion_social,llegada_tarde|anticipacion_insuficiente,NO,SI,4,0.0,0.0,8569.6
NSW0000270,RES0003426,CLB014,friccion_social,llegada_tarde,SI,SI,2,0.0,0.0,19748.28
NSW0000271,RES0003428,CLB014,otro,,NO,NO,1,0.0,0.0,10159.78
NSW0000272,RES0003450,CLB011,otro,,NO,NO,3,0.0,0.0,17470.32
NSW0000273,RES0003467,CLB001,otro,,NO,NO,1,0.0,0.0,2503.43
NSW0000274,RES0003468,CLB006,otro,,NO,NO,2,0.0,0.0,9825.32
NSW0000275,RES0003494,CLB012,otro,,NO,NO,2,0.0,0.0,3282.08
NSW0000276,RES0003540,CLB001,otro,,NO,NO,1,0.0,0.0,1957.84
NSW0000277,RES0003543,CLB015,otro,,NO,NO,2,0.0,0.0,2718.5
NSW0000278,RES0003555,CLB014,friccion_social,discrepancia_inventario,NO,SI,2,0.0,0.0,16101.72
NSW0000279,RES0003561,CLB005,friccion_social,llegada_tarde|handicap_horario_restringido,NO,SI,3,0.0,0.0,4636.26
NSW0000280,RES0003574,CLB014,lluvia,,SI,NO,3,0.0,0.0,29460.9
NSW0000281,RES0003580,CLB014,otro,,NO,NO,3,0.0,0.0,30684.9
NSW0000282,RES0003586,CLB004,friccion_social,llegada_tarde|anticipacion_insuficiente,NO,SI,3,0.0,0.0,3002.22
NSW0000283,RES0003589,CLB009,friccion_social,handicap_horario_restringido,NO,SI,4,0.0,0.0,11348.84
NSW0000284,RES0003596,CLB009,friccion_social,anticipacion_insuficiente,SI,SI,1,0.0,0.0,2803.25
NSW0000285,RES0003600,CLB011,otro,,NO,NO,1,0.0,0.0,6144.78
NSW0000286,RES0003608,CLB008,friccion_social,llegada_tarde,NO,SI,2,0.0,0.0,3876.1
NSW0000287,RES0003633,CLB015,friccion_social,handicap_horario_restringido,NO,SI,4,0.0,0.0,5540.04
NSW0000288,RES0003634,CLB011,otro,,NO,NO,3,0.0,0.0,10133.01
NSW0000289,RES0003638,CLB014,otro,,NO,NO,2,0.0,0.0,8762.3
NSW0000290,RES0003644,CLB016,otro,,NO,NO,3,0.0,0.0,10091.19
NSW0000291,RES0003687,CLB001,otro,,NO,NO,3,0.0,0.0,6099.87
NSW0000292,RES0003689,CLB008,friccion_social,llegada_tarde|handicap_horario_restringido|anticipacion_insuficiente|discrepancia_inventario,NO,SI,3,0.0,0.0,4096.29
NSW0000293,RES0003694,CLB013,friccion_social,discrepancia_inventario,NO,SI,1,0.0,0.0,4599.89
NSW0000294,RES0003701,CLB016,otro,,NO,NO,1,0.0,0.0,5927.04
NSW0000295,RES0003714,CLB008,otro,,NO,NO,2,0.0,0.0,2681.64
NSW0000296,RES0003722,CLB006,otro,,NO,NO,1,0.0,0.0,2700.83
NSW0000297,RES0003742,CLB002,friccion_social,llegada_tarde,NO,SI,1,0.0,0.0,904.35
NSW0000298,RES0003744,CLB005,otro,,NO,NO,3,0.0,0.0,5844.3
NSW0000299,RES0003750,CLB008,friccion_social,llegada_tarde|handicap_horario_restringido,SI,SI,2,0.0,0.0,3800.78
NSW0000300,RES0003752,CLB001,otro,,NO,NO,2,0.0,0.0,2691.42
NSW0000301,RES0003773,CLB012,otro,,NO,NO,1,0.0,0.0,4572.97
NSW0000302,RES0003786,CLB006,otro,,NO,NO,3,0.0,0.0,14672.31
NSW0000303,RES0003791,CLB012,friccion_social,llegada_tarde,NO,SI,2,0.0,0.0,5893.62
NSW0000304,RES0003803,CLB012,friccion_social,llegada_tarde,NO,SI,2,0.0,0.0,6122.56
NSW0000305,RES0003830,CLB005,friccion_social,anticipacion_insuficiente,NO,SI,4,0.0,0.0,11388.72
NSW0000306,RES0003843,CLB014,otro,,NO,NO,4,0.0,0.0,17426.72
NSW0000307,RES0003845,CLB005,otro,,NO,NO,2,0.0,0.0,5673.86
NSW0000308,RES0003849,CLB002,otro,,NO,NO,3,0.0,0.0,1938.57
NSW0000309,RES0003867,CLB009,friccion_social,llegada_tarde,NO,SI,3,0.0,0.0,5316.12
NSW0000310,RES0003877,CLB001,otro,,NO,NO,3,0.0,0.0,3365.67
NSW0000311,RES0003896,CLB016,friccion_social,handicap_horario_restringido|anticipacion_insuficiente,NO,SI,2,0.0,0.0,15616.92
NSW0000312,RES0003931,CLB001,otro,,NO,NO,2,0.0,0.0,1480.76
NSW0000313,RES0003939,CLB001,friccion_social,handicap_horario_restringido,SI,SI,2,0.0,0.0,786.66
NSW0000314,RES0003940,CLB013,friccion_social,discrepancia_inventario,NO,SI,3,0.0,0.0,13610.1
NSW0000315,RES0003951,CLB012,friccion_social,llegada_tarde,NO,SI,3,0.0,0.0,4985.01
NSW0000316,RES0003961,CLB006,friccion_social,anticipacion_insuficiente,NO,SI,3,0.0,0.0,10739.55
NSW0000317,RES0004004,CLB005,friccion_social,anticipacion_insuficiente,NO,SI,2,0.0,0.0,3098.62
NSW0000318,RES0004013,CLB001,friccion_social,llegada_tarde,NO,SI,1,0.0,0.0,1970.27
NSW0000319,RES0004026,CLB003,otro,,NO,NO,2,0.0,0.0,905.0
NSW0000320,RES0004027,CLB012,lluvia,,SI,NO,2,0.0,0.0,1816.6
NSW0000321,RES0004053,CLB013,otro,,NO,NO,3,0.0,0.0,16532.31
NSW0000322,RES0004069,CLB008,friccion_social,handicap_horario_restringido|anticipacion_insuficiente,NO,SI,3,0.0,0.0,7312.14
NSW0000323,RES0004070,CLB011,friccion_social,llegada_tarde,NO,SI,1,0.0,0.0,5915.26
NSW0000324,RES0004071,CLB014,otro,,NO,NO,1,0.0,0.0,7813.83
NSW0000325,RES0004072,CLB011,friccion_social,llegada_tarde,NO,SI,4,0.0,0.0,13020.48
NSW0000326,RES0004074,CLB001,friccion_social,llegada_tarde,NO,SI,2,0.0,0.0,3972.0
NSW0000327,RES0004076,CLB012,friccion_social,llegada_tarde,NO,SI,3,0.0,0.0,4992.84
NSW0000328,RES0004093,CLB014,lluvia,,SI,NO,3,0.0,0.0,24036.18
NSW0000329,RES0004104,CLB013,friccion_social,llegada_tarde,NO,SI,2,0.0,0.0,9192.02
NSW0000330,RES0004107,CLB004,otro,,NO,NO,2,0.0,0.0,2000.58
NSW0000331,RES0004115,CLB011,friccion_social,llegada_tarde,NO,SI,4,0.0,0.0,13395.04
NSW0000332,RES0004142,CLB016,friccion_social,handicap_horario_restringido,NO,SI,3,0.0,0.0,17669.67
NSW0000333,RES0004164,CLB009,lluvia,,SI,NO,3,0.0,0.0,8591.79
NSW0000334,RES0004165,CLB009,friccion_social,llegada_tarde,NO,SI,2,0.0,0.0,5475.02
NSW0000335,RES0004189,CLB011,otro,,NO,NO,4,0.0,0.0,12929.88
NSW0000336,RES0004205,CLB011,otro,,NO,NO,3,0.0,0.0,10165.32
NSW0000337,RES0004207,CLB012,friccion_social,llegada_tarde,NO,SI,3,0.0,0.0,8946.57
NSW0000338,RES0004233,CLB004,friccion_social,handicap_horario_restringido,NO,SI,3,0.0,0.0,1650.6
NSW0000339,RES0004241,CLB008,friccion_social,handicap_horario_restringido|discrepancia_inventario,NO,SI,1,0.0,0.0,2507.08
NSW0000340,RES0004259,CLB008,otro,,NO,NO,3,0.0,0.0,7658.7
NSW0000341,RES0004269,CLB016,friccion_social,anticipacion_insuficiente,NO,SI,2,0.0,0.0,12037.28
NSW0000342,RES0004288,CLB013,otro,,NO,NO,3,0.0,0.0,16505.91
NSW0000343,RES0004293,CLB012,lluvia,,SI,NO,3,0.0,0.0,13350.9
NSW0000344,RES0004294,CLB006,friccion_social,llegada_tarde,NO,SI,4,0.0,0.0,19984.0
NSW0000345,RES0004296,CLB009,friccion_social,discrepancia_inventario,NO,SI,2,0.0,0.0,5606.5
NSW0000346,RES0004306,CLB016,otro,,NO,NO,3,0.0,0.0,24211.29
NSW0000347,RES0004322,CLB012,otro,,NO,NO,4,0.0,0.0,12180.16
NSW0000348,RES0004334,CLB008,friccion_social,handicap_horario_restringido,NO,SI,1,0.0,0.0,1372.16
NSW0000349,RES0004338,CLB005,friccion_social,anticipacion_insuficiente,NO,SI,2,0.0,0.0,3138.8
NSW0000350,RES0004364,CLB011,otro,,NO,NO,3,0.0,0.0,10135.59
NSW0000351,RES0004369,CLB012,otro,,NO,NO,2,0.0,0.0,3258.2
NSW0000352,RES0004378,CLB016,friccion_social,llegada_tarde|anticipacion_insuficiente,NO,SI,2,0.0,0.0,6537.32
NSW0000353,RES0004390,CLB014,otro,,NO,NO,2,0.0,0.0,16237.34
NSW0000354,RES0004399,CLB017,otro,,NO,NO,1,0.0,0.0,1022.11
NSW0000355,RES0004403,CLB016,friccion_social,anticipacion_insuficiente,NO,SI,2,0.0,0.0,15538.88
NSW0000356,RES0004408,CLB009,otro,,NO,NO,2,0.0,0.0,5734.78
NSW0000357,RES0004420,CLB013,friccion_social,llegada_tarde,NO,SI,2,0.0,0.0,3213.28
NSW0000358,RES0004467,CLB002,friccion_social,discrepancia_inventario,NO,SI,3,0.0,0.0,1997.28
NSW0000359,RES0004478,CLB017,friccion_social,handicap_horario_restringido|anticipacion_insuficiente,SI,SI,3,0.0,0.0,11806.68
NSW0000360,RES0004513,CLB002,friccion_social,anticipacion_insuficiente,NO,SI,3,0.0,0.0,1091.82
NSW0000361,RES0004524,CLB017,friccion_social,anticipacion_insuficiente,NO,SI,4,0.0,0.0,8922.76
NSW0000362,RES0004547,CLB017,friccion_social,anticipacion_insuficiente,NO,SI,3,0.0,0.0,15182.46
NSW0000363,RES0004550,CLB006,friccion_social,llegada_tarde,NO,SI,2,0.0,0.0,5390.3
NSW0000364,RES0004601,CLB001,otro,,NO,NO,2,0.0,0.0,1529.46
NSW0000365,RES0004608,CLB014,otro,,NO,NO,1,0.0,0.0,7949.35
NSW0000366,RES0004619,CLB011,otro,,NO,NO,2,0.0,0.0,3570.44
NSW0000367,RES0004623,CLB001,friccion_social,anticipacion_insuficiente,NO,SI,1,0.0,0.0,2041.25
NSW0000368,RES0004638,CLB012,lluvia,,SI,NO,1,0.0,0.0,2950.52
NSW0000369,RES0004643,CLB018,friccion_social,llegada_tarde|handicap_horario_restringido,NO,SI,2,0.0,0.0,10026.64
NSW0000370,RES0004647,CLB015,otro,,NO,NO,1,0.0,0.0,2561.87
NSW0000371,RES0004651,CLB013,friccion_social,llegada_tarde,NO,SI,3,0.0,0.0,13355.13
NSW0000372,RES0004676,CLB010,otro,,NO,NO,2,0.0,0.0,3038.26
NSW0000373,RES0004679,CLB008,lluvia,,SI,NO,2,0.0,0.0,4997.98
NSW0000374,RES0004697,CLB014,otro,,NO,NO,2,0.0,0.0,8976.24
NSW0000375,RES0004711,CLB004,friccion_social,llegada_tarde,NO,SI,3,0.0,0.0,2913.87
NSW0000376,RES0004738,CLB017,otro,,NO,NO,4,0.0,0.0,19771.4
NSW0000377,RES0004747,CLB009,otro,,NO,NO,2,0.0,0.0,5630.2
NSW0000378,RES0004806,CLB001,lluvia,,SI,NO,2,0.0,0.0,3899.58
NSW0000379,RES0004831,CLB007,otro,,NO,NO,1,0.0,0.0,359.33
NSW0000380,RES0004844,CLB011,otro,,NO,NO,1,0.0,0.0,6087.85
NSW0000381,RES0004854,CLB008,friccion_social,llegada_tarde|handicap_horario_restringido|anticipacion_insuficiente,NO,SI,1,0.0,0.0,1347.72
NSW0000382,RES0004863,CLB001,otro,,NO,NO,2,0.0,0.0,5037.0
NSW0000383,RES0004873,CLB016,otro,,NO,NO,2,0.0,0.0,8606.12
NSW0000384,RES0004905,CLB005,otro,,NO,NO,1,0.0,0.0,3443.32
NSW0000385,RES0004917,CLB012,otro,,NO,NO,2,0.0,0.0,5057.28
NSW0000386,RES0004924,CLB014,otro,,NO,NO,3,0.0,0.0,9145.41
NSW0000387,RES0004936,CLB012,friccion_social,llegada_tarde,NO,SI,2,0.0,0.0,6176.9
NSW0000388,RES0004950,CLB012,otro,,NO,NO,1,0.0,0.0,3048.44
NSW0000389,RES0004965,CLB009,friccion_social,llegada_tarde|discrepancia_inventario,NO,SI,1,0.0,0.0,998.45
NSW0000390,RES0004976,CLB012,otro,,NO,NO,3,0.0,0.0,8785.62
NSW0000391,RES0004982,CLB007,otro,,NO,NO,2,0.0,0.0,1347.92
NSW0000392,RES0005016,CLB014,friccion_social,llegada_tarde,NO,SI,2,0.0,0.0,15791.74
NSW0000393,RES0005023,CLB010,friccion_social,llegada_tarde,NO,SI,4,0.0,0.0,3267.12
NSW0000394,RES0005055,CLB017,friccion_social,llegada_tarde,NO,SI,4,0.0,0.0,20473.72
NSW0000395,RES0005071,CLB018,friccion_social,handicap_horario_restringido,NO,SI,3,0.0,0.0,11851.65
NSW0000396,RES0005086,CLB017,friccion_social,llegada_tarde,NO,SI,2,0.0,0.0,10172.76
NSW0000397,RES0005100,CLB004,friccion_social,discrepancia_inventario,NO,SI,3,0.0,0.0,2990.82
NSW0000398,RES0005130,CLB009,friccion_social,anticipacion_insuficiente,NO,SI,2,0.0,0.0,3562.06
NSW0000399,RES0005175,CLB008,friccion_social,anticipacion_insuficiente,NO,SI,2,0.0,0.0,5092.82
NSW0000400,RES0005186,CLB016,friccion_social,handicap_horario_restringido|anticipacion_insuficiente,NO,SI,3,0.0,0.0,18291.54
NSW0000401,RES0005194,CLB014,friccion_social,llegada_tarde,NO,SI,4,0.0,0.0,17871.6
NSW0000402,RES0005197,CLB008,otro,,NO,NO,2,0.0,0.0,2789.38
NSW0000403,RES0005201,CLB013,otro,,NO,NO,4,0.0,0.0,18017.96
NSW0000404,RES0005223,CLB005,otro,,NO,NO,1,0.0,0.0,1063.16
NSW0000405,RES0005234,CLB008,lluvia,,SI,NO,4,0.0,0.0,13782.48
NSW0000406,RES0005258,CLB002,friccion_social,llegada_tarde,NO,SI,1,0.0,0.0,856.48
NSW0000407,RES0005267,CLB011,friccion_social,llegada_tarde,NO,SI,2,0.0,0.0,2385.98
NSW0000408,RES0005278,CLB008,friccion_social,handicap_horario_restringido|anticipacion_insuficiente,NO,SI,3,0.0,0.0,4182.99
NSW0000409,RES0005279,CLB001,friccion_social,llegada_tarde,NO,SI,1,0.0,0.0,2032.08
NSW0000410,RES0005335,CLB012,friccion_social,llegada_tarde,SI,SI,2,0.0,0.0,5949.9
NSW0000411,RES0005340,CLB016,friccion_social,handicap_horario_restringido,NO,SI,2,0.0,0.0,11798.64
NSW0000412,RES0005362,CLB015,friccion_social,llegada_tarde,NO,SI,1,0.0,0.0,745.81
NSW0000413,RES0005370,CLB004,otro,,NO,NO,4,0.0,0.0,7336.36
NSW0000414,RES0005379,CLB006,friccion_social,llegada_tarde,NO,SI,2,0.0,0.0,10031.0
NSW0000415,RES0005397,CLB017,friccion_social,llegada_tarde,NO,SI,4,0.0,0.0,10981.28
NSW0000416,RES0005403,CLB004,friccion_social,handicap_horario_restringido,NO,SI,3,0.0,0.0,3016.23
NSW0000417,RES0005406,CLB014,friccion_social,llegada_tarde,NO,SI,2,0.0,0.0,11017.2
NSW0000418,RES0005451,CLB018,otro,,NO,NO,2,0.0,0.0,10074.88
NSW0000419,RES0005459,CLB004,friccion_social,anticipacion_insuficiente,NO,SI,2,0.0,0.0,1950.8
NSW0000420,RES0005488,CLB002,otro,,NO,NO,2,0.0,0.0,1328.16
NSW0000421,RES0005491,CLB018,friccion_social,llegada_tarde,NO,SI,4,0.0,0.0,20583.08
NSW0000422,RES0005496,CLB009,otro,,NO,NO,2,0.0,0.0,3554.84
NSW0000423,RES0005510,CLB014,lluvia,,SI,NO,1,0.0,0.0,8214.68
NSW0000424,RES0005522,CLB003,otro,,NO,NO,4,0.0,0.0,1087.72
NSW0000425,RES0005537,CLB010,otro,,NO,NO,4,0.0,0.0,8842.4
NSW0000426,RES0005543,CLB006,friccion_social,handicap_horario_restringido,NO,SI,2,0.0,0.0,9707.86
NSW0000427,RES0005562,CLB013,friccion_social,llegada_tarde,NO,SI,3,0.0,0.0,16587.72
NSW0000428,RES0005574,CLB005,friccion_social,anticipacion_insuficiente|discrepancia_inventario,NO,SI,1,0.0,0.0,3409.12
NSW0000429,RES0005640,CLB006,friccion_social,discrepancia_inventario,SI,SI,3,0.0,0.0,5633.43
NSW0000430,RES0005661,CLB012,lluvia,,SI,NO,3,0.0,0.0,8971.2
NSW0000431,RES0005664,CLB005,friccion_social,anticipacion_insuficiente,NO,SI,4,0.0,0.0,6116.76
NSW0000432,RES0005675,CLB002,lluvia,,SI,NO,2,0.0,0.0,1307.6
NSW0000433,RES0005687,CLB002,friccion_social,llegada_tarde,SI,SI,1,0.0,0.0,662.53
NSW0000434,RES0005691,CLB015,otro,,NO,NO,4,0.0,0.0,5462.08
NSW0000435,RES0005726,CLB002,friccion_social,llegada_tarde,NO,SI,2,0.0,0.0,943.86
NSW0000436,RES0005739,CLB014,friccion_social,discrepancia_inventario,SI,SI,3,0.0,0.0,30671.37
NSW0000437,RES0005774,CLB014,otro,,NO,NO,2,0.0,0.0,19979.58
NSW0000438,RES0005792,CLB001,friccion_social,llegada_tarde,NO,SI,3,0.0,0.0,5833.35
NSW0000439,RES0005807,CLB015,otro,,NO,NO,4,0.0,0.0,9964.04
NSW0000440,RES0005816,CLB017,otro,,NO,NO,1,0.0,0.0,2227.06
NSW0000441,RES0005826,CLB002,otro,,NO,NO,2,0.0,0.0,718.48
NSW0000442,RES0005867,CLB004,otro,,NO,NO,2,0.0,0.0,2036.38
NSW0000443,RES0005884,CLB005,friccion_social,handicap_horario_restringido|anticipacion_insuficiente,NO,SI,3,0.0,0.0,1685.13
NSW0000444,RES0005921,CLB006,friccion_social,handicap_horario_restringido,NO,SI,2,0.0,0.0,9868.1
NSW0000445,RES0005933,CLB008,friccion_social,llegada_tarde|handicap_horario_restringido,NO,SI,4,0.0,0.0,13582.96
NSW0000446,RES0005937,CLB014,friccion_social,llegada_tarde,NO,SI,3,0.0,0.0,16984.17
NSW0000447,RES0005956,CLB007,otro,,NO,NO,1,0.0,0.0,873.1
NSW0000448,RES0005960,CLB010,friccion_social,llegada_tarde,NO,SI,3,0.0,0.0,6735.69
NSW0000449,RES0005970,CLB010,lluvia,,SI,NO,1,0.0,0.0,2173.21
NSW0000450,RES0005984,CLB001,otro,,NO,NO,2,0.0,0.0,4067.08
NSW0000451,RES0006012,CLB006,friccion_social,anticipacion_insuficiente,SI,SI,1,0.0,0.0,3547.03
NSW0000452,RES0006022,CLB005,friccion_social,anticipacion_insuficiente,SI,SI,3,0.0,0.0,8322.75
NSW0000453,RES0006040,CLB003,lluvia,,SI,NO,4,0.0,0.0,1081.64
NSW0000454,RES0006044,CLB004,friccion_social,handicap_horario_restringido|discrepancia_inventario,SI,SI,1,0.0,0.0,1011.23
NSW0000455,RES0006059,CLB001,friccion_social,llegada_tarde|handicap_horario_restringido,NO,SI,1,0.0,0.0,2024.37
NSW0000456,RES0006094,CLB004,lluvia,,SI,NO,3,0.0,0.0,1651.59
NSW0000457,RES0006103,CLB014,friccion_social,llegada_tarde,NO,SI,1,0.0,0.0,1943.51
NSW0000458,RES0006109,CLB015,lluvia,,SI,NO,4,0.0,0.0,14398.2
NSW0000459,RES0006125,CLB018,friccion_social,anticipacion_insuficiente,SI,SI,2,0.0,0.0,7860.38
NSW0000460,RES0006127,CLB016,friccion_social,llegada_tarde|anticipacion_insuficiente,SI,SI,3,0.0,0.0,7083.12
NSW0000461,RES0006137,CLB019,otro,,NO,NO,3,0.0,0.0,29740.77
NSW0000462,RES0006139,CLB017,friccion_social,anticipacion_insuficiente,NO,SI,2,0.0,0.0,10150.74
NSW0000463,RES0006142,CLB003,friccion_social,discrepancia_inventario,NO,SI,3,0.0,0.0,1317.09
NSW0000464,RES0006144,CLB010,friccion_social,llegada_tarde,SI,SI,2,0.0,0.0,2373.44
NSW0000465,RES0006147,CLB005,otro,,NO,NO,3,0.0,0.0,5835.81
NSW0000466,RES0006150,CLB013,otro,,NO,NO,2,0.0,0.0,11051.88
NSW0000467,RES0006185,CLB003,friccion_social,llegada_tarde,NO,SI,3,0.0,0.0,1335.54
NSW0000468,RES0006206,CLB019,friccion_social,llegada_tarde,SI,SI,3,0.0,0.0,13941.72
NSW0000469,RES0006212,CLB013,friccion_social,discrepancia_inventario,NO,SI,2,0.0,0.0,4997.58
NSW0000470,RES0006221,CLB008,friccion_social,anticipacion_insuficiente,NO,SI,1,0.0,0.0,745.36
NSW0000471,RES0006249,CLB006,lluvia,,SI,NO,2,0.0,0.0,6908.48
NSW0000472,RES0006273,CLB005,otro,,NO,NO,3,0.0,0.0,4567.53
NSW0000473,RES0006297,CLB006,friccion_social,llegada_tarde|anticipacion_insuficiente,NO,SI,3,0.0,0.0,5896.59
NSW0000474,RES0006313,CLB016,friccion_social,llegada_tarde|anticipacion_insuficiente,NO,SI,3,0.0,0.0,17595.15
NSW0000475,RES0006361,CLB016,lluvia,,SI,NO,4,0.0,0.0,32477.32
NSW0000476,RES0006382,CLB003,otro,,NO,NO,3,0.0,0.0,1322.4
NSW0000477,RES0006412,CLB013,otro,,NO,NO,1,0.0,0.0,5403.01
NSW0000478,RES0006429,CLB016,friccion_social,llegada_tarde,NO,SI,2,0.0,0.0,15825.84
NSW0000479,RES0006484,CLB019,otro,,NO,NO,3,0.0,0.0,24767.01
NSW0000480,RES0006490,CLB005,lluvia,,SI,NO,2,0.0,0.0,5607.34
NSW0000481,RES0006500,CLB007,lluvia,,SI,NO,4,0.0,0.0,2609.84
NSW0000482,RES0006508,CLB011,otro,,NO,NO,1,0.0,0.0,5929.44
NSW0000483,RES0006528,CLB001,friccion_social,handicap_horario_restringido,SI,SI,2,0.0,0.0,4079.62
NSW0000484,RES0006561,CLB014,lluvia,,SI,NO,3,0.0,0.0,13058.85
NSW0000485,RES0006577,CLB012,otro,,NO,NO,1,0.0,0.0,3070.7
NSW0000486,RES0006584,CLB010,friccion_social,llegada_tarde,SI,SI,1,0.0,0.0,2179.68
NSW0000487,RES0006590,CLB002,friccion_social,llegada_tarde,NO,SI,1,0.0,0.0,878.61
NSW0000488,RES0006591,CLB003,friccion_social,llegada_tarde,NO,SI,2,0.0,0.0,889.92
NSW0000489,RES0006598,CLB012,friccion_social,llegada_tarde,SI,SI,2,0.0,0.0,4812.78
NSW0000490,RES0006609,CLB016,otro,,NO,NO,2,0.0,0.0,8987.58
NSW0000491,RES0006619,CLB013,otro,,NO,NO,3,0.0,0.0,3203.67
NSW0000492,RES0006657,CLB015,friccion_social,discrepancia_inventario,NO,SI,4,0.0,0.0,4179.48
NSW0000493,RES0006668,CLB017,friccion_social,llegada_tarde,NO,SI,3,0.0,0.0,15411.9
NSW0000494,RES0006673,CLB015,lluvia,,SI,NO,3,0.0,0.0,4138.47
NSW0000495,RES0006689,CLB004,lluvia,,SI,NO,3,0.0,0.0,1670.19
NSW0000496,RES0006691,CLB011,lluvia,,SI,NO,1,0.0,0.0,6048.81
NSW0000497,RES0006720,CLB015,lluvia,,SI,NO,3,0.0,0.0,4135.05
NSW0000498,RES0006731,CLB011,otro,,NO,NO,2,0.0,0.0,6683.22
NSW0000499,RES0006736,CLB008,friccion_social,handicap_horario_restringido,NO,SI,1,0.0,0.0,1403.76
NSW0000500,RES0006758,CLB012,lluvia,,SI,NO,2,0.0,0.0,1788.34
NSW0000501,RES0006791,CLB013,lluvia,,SI,NO,3,0.0,0.0,13423.98
NSW0000502,RES0006804,CLB001,lluvia,,SI,NO,3,0.0,0.0,3210.63
NSW0000503,RES0006819,CLB002,lluvia,,SI,NO,3,0.0,0.0,2013.03
NSW0000504,RES0006832,CLB019,otro,,NO,NO,1,0.0,0.0,9887.98
NSW0000505,RES0006836,CLB006,friccion_social,anticipacion_insuficiente,SI,SI,3,0.0,0.0,15002.4
NSW0000506,RES0006837,CLB014,otro,,NO,NO,1,0.0,0.0,10034.46
NSW0000507,RES0006855,CLB019,otro,,NO,NO,2,0.0,0.0,20067.9
NSW0000508,RES0006894,CLB001,friccion_social,anticipacion_insuficiente,NO,SI,3,0.0,0.0,7638.3
NSW0000509,RES0006904,CLB019,friccion_social,llegada_tarde,NO,SI,3,0.0,0.0,16450.2
NSW0000510,RES0006906,CLB011,friccion_social,llegada_tarde,NO,SI,2,0.0,0.0,11667.68
NSW0000511,RES0006911,CLB011,friccion_social,llegada_tarde,NO,SI,1,0.0,0.0,3318.1
NSW0000512,RES0006914,CLB013,otro,,NO,NO,3,0.0,0.0,2627.43
NSW0000513,RES0006926,CLB008,friccion_social,anticipacion_insuficiente,NO,SI,2,0.0,0.0,4910.8
NSW0000514,RES0006936,CLB016,otro,,NO,NO,4,0.0,0.0,13488.36
NSW0000515,RES0006944,CLB013,friccion_social,llegada_tarde,NO,SI,2,0.0,0.0,5075.7
NSW0000516,RES0006954,CLB019,otro,,NO,NO,2,0.0,0.0,16665.4
NSW0000517,RES0006963,CLB017,friccion_social,handicap_horario_restringido|anticipacion_insuficiente,SI,SI,3,0.0,0.0,11992.14
NSW0000518,RES0006977,CLB008,friccion_social,anticipacion_insuficiente,NO,SI,1,0.0,0.0,2486.88
NSW0000519,RES0006981,CLB019,otro,,NO,NO,1,0.0,0.0,8674.69
NSW0000520,RES0007013,CLB014,friccion_social,anticipacion_insuficiente,SI,SI,1,0.0,0.0,4285.16
NSW0000521,RES0007078,CLB018,friccion_social,handicap_horario_restringido,NO,SI,2,0.0,0.0,7691.74
NSW0000522,RES0007089,CLB015,friccion_social,llegada_tarde|handicap_horario_restringido,SI,SI,1,0.0,0.0,3507.2
NSW0000523,RES0007099,CLB006,lluvia,,SI,NO,2,0.0,0.0,5439.34
NSW0000524,RES0007108,CLB008,friccion_social,handicap_horario_restringido|anticipacion_insuficiente,SI,SI,3,0.0,0.0,10574.07
NSW0000525,RES0007113,CLB017,friccion_social,anticipacion_insuficiente,SI,SI,3,0.0,0.0,14602.5
NSW0000526,RES0007153,CLB001,friccion_social,handicap_horario_restringido,NO,SI,1,0.0,0.0,1113.77
NSW0000527,RES0007157,CLB001,lluvia,,SI,NO,4,0.0,0.0,8106.92
NSW0000528,RES0007164,CLB001,lluvia,,SI,NO,3,0.0,0.0,5865.93
NSW0000529,RES0007179,CLB019,otro,,NO,NO,3,0.0,0.0,24914.04
NSW0000530,RES0007183,CLB013,otro,,NO,NO,4,0.0,0.0,9675.24
NSW0000531,RES0007197,CLB003,otro,,NO,NO,2,0.0,0.0,295.12
NSW0000532,RES0007201,CLB011,otro,,NO,NO,3,0.0,0.0,18327.99
NSW0000533,RES0007212,CLB001,otro,,NO,NO,1,0.0,0.0,1953.85
NSW0000534,RES0007230,CLB012,lluvia,,SI,NO,1,0.0,0.0,1604.21
NSW0000535,RES0007239,CLB019,otro,,NO,NO,2,0.0,0.0,17394.92
NSW0000536,RES0007250,CLB001,lluvia,,SI,NO,2,0.0,0.0,812.0
NSW0000537,RES0007268,CLB013,friccion_social,llegada_tarde,NO,SI,4,0.0,0.0,17478.64
NSW0000538,RES0007294,CLB013,lluvia,,SI,NO,1,0.0,0.0,5604.19
NSW0000539,RES0007317,CLB011,otro,,NO,NO,3,0.0,0.0,17932.5
NSW0000540,RES0007318,CLB012,lluvia,,SI,NO,2,0.0,0.0,5050.86
NSW0000541,RES0007328,CLB004,friccion_social,anticipacion_insuficiente,SI,SI,3,0.0,0.0,3027.06
NSW0000542,RES0007333,CLB019,otro,,NO,NO,4,0.0,0.0,12022.72
NSW0000543,RES0007334,CLB012,otro,,NO,NO,2,0.0,0.0,4839.38
NSW0000544,RES0007393,CLB011,otro,,NO,NO,3,0.0,0.0,18513.36
NSW0000545,RES0007408,CLB006,lluvia,,SI,NO,1,0.0,0.0,3484.56
NSW0000546,RES0007412,CLB014,otro,,NO,NO,2,0.0,0.0,16283.62
NSW0000547,RES0007418,CLB016,lluvia,,SI,NO,3,0.0,0.0,3696.54
NSW0000548,RES0007450,CLB005,friccion_social,discrepancia_inventario,NO,SI,2,0.0,0.0,5744.22
NSW0000549,RES0007458,CLB013,lluvia,,SI,NO,2,0.0,0.0,5013.56
NSW0000550,RES0007468,CLB005,otro,,NO,NO,4,0.0,0.0,10883.88
NSW0000551,RES0007472,CLB017,lluvia,,SI,NO,3,0.0,0.0,11957.7
NSW0000552,RES0007473,CLB008,friccion_social,anticipacion_insuficiente,NO,SI,2,0.0,0.0,4985.0
NSW0000553,RES0007484,CLB017,friccion_social,discrepancia_inventario,SI,SI,2,0.0,0.0,7901.98
NSW0000554,RES0007489,CLB018,friccion_social,anticipacion_insuficiente,SI,SI,1,0.0,0.0,1497.18
NSW0000555,RES0007490,CLB015,friccion_social,llegada_tarde|handicap_horario_restringido,SI,SI,2,0.0,0.0,1515.28
NSW0000556,RES0007496,CLB013,lluvia,,SI,NO,3,0.0,0.0,13584.54
NSW0000557,RES0007499,CLB019,otro,,NO,NO,4,0.0,0.0,34550.8
NSW0000558,RES0007509,CLB017,lluvia,,SI,NO,2,0.0,0.0,8063.46
NSW0000559,RES0007528,CLB016,friccion_social,handicap_horario_restringido|anticipacion_insuficiente,SI,SI,2,0.0,0.0,15758.28
NSW0000560,RES0007539,CLB012,friccion_social,llegada_tarde|discrepancia_inventario,SI,SI,2,0.0,0.0,2719.66
NSW0000561,RES0007548,CLB002,lluvia,,SI,NO,3,0.0,0.0,2708.79
NSW0000562,RES0007572,CLB013,otro,,NO,NO,1,0.0,0.0,5613.88
NSW0000563,RES0007577,CLB001,friccion_social,llegada_tarde|handicap_horario_restringido,NO,SI,3,0.0,0.0,7632.0
NSW0000564,RES0007586,CLB013,lluvia,,SI,NO,3,0.0,0.0,16646.25
NSW0000565,RES0007607,CLB004,lluvia,,SI,NO,3,0.0,0.0,3008.37
NSW0000566,RES0007612,CLB013,lluvia,,SI,NO,1,0.0,0.0,4557.98
NSW0000567,RES0007647,CLB016,friccion_social,llegada_tarde|handicap_horario_restringido|discrepancia_inventario,SI,SI,3,0.0,0.0,18422.37
NSW0000568,RES0007654,CLB002,lluvia,,SI,NO,3,0.0,0.0,1936.8
NSW0000569,RES0007655,CLB016,friccion_social,llegada_tarde|handicap_horario_restringido,SI,SI,1,0.0,0.0,3277.25
NSW0000570,RES0007659,CLB019,otro,,NO,NO,1,0.0,0.0,8745.47
NSW0000571,RES0007669,CLB014,friccion_social,anticipacion_insuficiente,SI,SI,2,0.0,0.0,15585.0
NSW0000572,RES0007683,CLB019,friccion_social,llegada_tarde,NO,SI,1,0.0,0.0,8720.84
NSW0000573,RES0007696,CLB016,lluvia,,SI,NO,1,0.0,0.0,6026.87
NSW0000574,RES0007718,CLB012,friccion_social,llegada_tarde|discrepancia_inventario,SI,SI,4,0.0,0.0,12119.92
NSW0000575,RES0007771,CLB003,lluvia,,SI,NO,3,0.0,0.0,1326.66
NSW0000576,RES0007818,CLB019,otro,,NO,NO,3,0.0,0.0,6077.7
NSW0000577,RES0007823,CLB002,friccion_social,llegada_tarde,NO,SI,2,0.0,0.0,984.88
NSW0000578,RES0007861,CLB011,otro,,NO,NO,3,0.0,0.0,5284.14
NSW0000579,RES0007870,CLB013,otro,,NO,NO,2,0.0,0.0,9232.34
NSW0000580,RES0007916,CLB009,friccion_social,llegada_tarde|anticipacion_insuficiente,NO,SI,2,0.0,0.0,1053.52
NSW0000581,RES0007917,CLB015,friccion_social,llegada_tarde,SI,SI,3,0.0,0.0,7466.49
NSW0000582,RES0007934,CLB011,friccion_social,llegada_tarde,NO,SI,2,0.0,0.0,6748.98
NSW0000583,RES0007971,CLB019,friccion_social,discrepancia_inventario,NO,SI,3,0.0,0.0,14202.45
NSW0000584,RES0007975,CLB011,otro,,NO,NO,3,0.0,0.0,3514.32
NSW0000585,RES0007979,CLB010,lluvia,,SI,NO,4,0.0,0.0,2608.44
NSW0000586,RES0007984,CLB002,lluvia,,SI,NO,3,0.0,0.0,1462.26
NSW0000587,RES0008006,CLB012,lluvia,,SI,NO,2,0.0,0.0,9052.96
NSW0000588,RES0008028,CLB018,friccion_social,llegada_tarde|handicap_horario_restringido|anticipacion_insuficiente,SI,SI,2,0.0,0.0,7881.46
NSW0000589,RES0008035,CLB009,friccion_social,handicap_horario_restringido,SI,SI,2,0.0,0.0,5744.16
NSW0000590,RES0008049,CLB016,otro,,NO,NO,1,0.0,0.0,2470.69
NSW0000591,RES0008056,CLB010,friccion_social,anticipacion_insuficiente,SI,SI,4,0.0,0.0,8925.6
NSW0000592,RES0008064,CLB019,otro,,NO,NO,1,0.0,0.0,4607.62
NSW0000593,RES0008068,CLB015,lluvia,,SI,NO,2,0.0,0.0,5111.82
NSW0000594,RES0008103,CLB005,friccion_social,handicap_horario_restringido,NO,SI,1,0.0,0.0,2835.93
NSW0000595,RES0008107,CLB007,lluvia,,SI,NO,3,0.0,0.0,1924.44
NSW0000596,RES0008113,CLB010,otro,,NO,NO,2,0.0,0.0,2928.06
NSW0000597,RES0008125,CLB013,lluvia,,SI,NO,2,0.0,0.0,8910.8
NSW0000598,RES0008145,CLB015,friccion_social,llegada_tarde|handicap_horario_restringido,SI,SI,2,0.0,0.0,4860.04
NSW0000599,RES0008155,CLB012,lluvia,,SI,NO,2,0.0,0.0,3387.82
NSW0000600,RES0008156,CLB019,friccion_social,llegada_tarde,SI,SI,3,0.0,0.0,26153.04
NSW0000601,RES0008157,CLB011,friccion_social,llegada_tarde,NO,SI,2,0.0,0.0,12006.94
NSW0000602,RES0008177,CLB004,lluvia,,SI,NO,2,0.0,0.0,2005.24
NSW0000603,RES0008188,CLB016,friccion_social,discrepancia_inventario,SI,SI,2,0.0,0.0,11858.14
NSW0000604,RES0008197,CLB010,friccion_social,handicap_horario_restringido,NO,SI,3,0.0,0.0,4545.42
NSW0000605,RES0008227,CLB010,lluvia,,SI,NO,2,0.0,0.0,4308.14
NSW0000606,RES0008228,CLB002,otro,,NO,NO,3,0.0,0.0,2602.56
NSW0000607,RES0008242,CLB001,lluvia,,SI,NO,3,0.0,0.0,7290.69
NSW0000608,RES0008246,CLB015,lluvia,,SI,NO,3,0.0,0.0,10766.61
NSW0000609,RES0008256,CLB010,friccion_social,handicap_horario_restringido,SI,SI,2,0.0,0.0,4512.76
NSW0000610,RES0008258,CLB015,lluvia,,SI,NO,2,0.0,0.0,7087.0
NSW0000611,RES0008260,CLB008,friccion_social,handicap_horario_restringido|anticipacion_insuficiente,NO,SI,3,0.0,0.0,10587.03
NSW0000612,RES0008273,CLB015,lluvia,,SI,NO,2,0.0,0.0,7041.68
NSW0000613,RES0008282,CLB012,lluvia,,SI,NO,1,0.0,0.0,4556.27
NSW0000614,RES0008290,CLB008,friccion_social,handicap_horario_restringido|discrepancia_inventario,NO,SI,1,0.0,0.0,3428.12
NSW0000615,RES0008293,CLB001,lluvia,,SI,NO,2,0.0,0.0,2214.86
NSW0000616,RES0008301,CLB012,otro,,NO,NO,2,0.0,0.0,6012.06
NSW0000617,RES0008321,CLB011,otro,,NO,NO,1,0.0,0.0,3255.55
NSW0000618,RES0008325,CLB009,friccion_social,llegada_tarde|handicap_horario_restringido|anticipacion_insuficiente,NO,SI,1,0.0,0.0,1829.87
NSW0000619,RES0008332,CLB011,lluvia,,SI,NO,4,0.0,0.0,23470.4
NSW0000620,RES0008341,CLB013,friccion_social,llegada_tarde,NO,SI,4,0.0,0.0,17809.56
NSW0000621,RES0008350,CLB011,lluvia,,SI,NO,4,0.0,0.0,23925.44
NSW0000622,RES0008356,CLB011,friccion_social,llegada_tarde,SI,SI,2,0.0,0.0,11808.42
NSW0000623,RES0008371,CLB009,lluvia,,SI,NO,1,0.0,0.0,1811.54
NSW0000624,RES0008374,CLB001,lluvia,,SI,NO,1,0.0,0.0,2044.59
NSW0000625,RES0008381,CLB001,friccion_social,handicap_horario_restringido,SI,SI,3,0.0,0.0,1202.94
NSW0000626,RES0008383,CLB006,lluvia,,SI,NO,2,0.0,0.0,7088.2
NSW0000627,RES0008420,CLB013,lluvia,,SI,NO,3,0.0,0.0,13552.47
NSW0000628,RES0008429,CLB019,otro,,NO,NO,2,0.0,0.0,16590.48
NSW0000629,RES0008450,CLB014,lluvia,,SI,NO,2,0.0,0.0,20488.34
NSW0000630,RES0008463,CLB002,friccion_social,handicap_horario_restringido,NO,SI,1,0.0,0.0,869.57
NSW0000631,RES0008467,CLB017,friccion_social,anticipacion_insuficiente,NO,SI,3,0.0,0.0,8357.58
NSW0000632,RES0008476,CLB007,lluvia,,SI,NO,3,0.0,0.0,2606.73
NSW0000633,RES0008480,CLB019,friccion_social,llegada_tarde|discrepancia_inventario,NO,SI,3,0.0,0.0,16331.07
NSW0000634,RES0008491,CLB006,friccion_social,handicap_horario_restringido,SI,SI,2,0.0,0.0,9983.72
NSW0000635,RES0008549,CLB015,friccion_social,llegada_tarde,SI,SI,3,0.0,0.0,7316.61
NSW0000636,RES0008568,CLB001,friccion_social,llegada_tarde,NO,SI,1,0.0,0.0,398.42
NSW0000637,RES0008573,CLB012,lluvia,,SI,NO,3,0.0,0.0,5079.09
NSW0000638,RES0008595,CLB012,otro,,NO,NO,4,0.0,0.0,11789.4
NSW0000639,RES0008606,CLB012,lluvia,,SI,NO,3,0.0,0.0,8889.42
NSW0000640,RES0008615,CLB019,otro,,NO,NO,3,0.0,0.0,25356.84
NSW0000641,RES0008655,CLB011,otro,,NO,NO,2,0.0,0.0,6770.86
NSW0000642,RES0008672,CLB004,lluvia,,SI,NO,1,0.0,0.0,551.33
NSW0000643,RES0008677,CLB012,friccion_social,llegada_tarde,NO,SI,3,0.0,0.0,8812.89
NSW0000644,RES0008692,CLB011,otro,,NO,NO,4,0.0,0.0,13438.56
NSW0000645,RES0008695,CLB006,friccion_social,handicap_horario_restringido,SI,SI,2,0.0,0.0,7173.84
NSW0000646,RES0008700,CLB005,lluvia,,SI,NO,2,0.0,0.0,3863.22
NSW0000647,RES0008701,CLB013,otro,,NO,NO,3,0.0,0.0,16131.06
NSW0000648,RES0008707,CLB010,lluvia,,SI,NO,1,0.0,0.0,2139.32
NSW0000649,RES0008719,CLB018,lluvia,,SI,NO,1,0.0,0.0,7111.87
NSW0000650,RES0008721,CLB005,friccion_social,handicap_horario_restringido,SI,SI,3,0.0,0.0,10645.02
NSW0000651,RES0008722,CLB004,lluvia,,SI,NO,1,0.0,0.0,1798.84
NSW0000652,RES0008724,CLB006,friccion_social,discrepancia_inventario,SI,SI,2,0.0,0.0,9942.74
NSW0000653,RES0008730,CLB012,lluvia,,SI,NO,1,0.0,0.0,4426.72
NSW0000654,RES0008739,CLB009,friccion_social,llegada_tarde,SI,SI,3,0.0,0.0,4548.57
NSW0000655,RES0008742,CLB013,otro,,NO,NO,3,0.0,0.0,16994.04
NSW0000656,RES0008745,CLB014,friccion_social,anticipacion_insuficiente,NO,SI,3,0.0,0.0,16398.27
NSW0000657,RES0008749,CLB003,lluvia,,SI,NO,4,0.0,0.0,1783.08
NSW0000658,RES0008774,CLB013,otro,,NO,NO,3,0.0,0.0,16912.11
NSW0000659,RES0008777,CLB014,otro,,NO,NO,4,0.0,0.0,40125.4
NSW0000660,RES0008787,CLB014,otro,,NO,NO,4,0.0,0.0,32662.64
NSW0000661,RES0008788,CLB001,friccion_social,llegada_tarde,NO,SI,2,0.0,0.0,4059.46
NSW0000662,RES0008798,CLB013,otro,,NO,NO,2,0.0,0.0,8824.16
NSW0000663,RES0008800,CLB013,otro,,NO,NO,3,0.0,0.0,13240.8
NSW0000664,RES0008804,CLB008,friccion_social,anticipacion_insuficiente,SI,SI,3,0.0,0.0,7303.65
NSW0000665,RES0008809,CLB014,friccion_social,llegada_tarde,SI,SI,4,0.0,0.0,32269.08
NSW0000666,RES0008813,CLB004,friccion_social,anticipacion_insuficiente,SI,SI,4,0.0,0.0,3935.6
NSW0000667,RES0008825,CLB002,friccion_social,llegada_tarde,SI,SI,2,0.0,0.0,481.26
NSW0000668,RES0008858,CLB013,friccion_social,discrepancia_inventario,SI,SI,2,0.0,0.0,4878.68
NSW0000669,RES0008886,CLB019,otro,,NO,NO,3,0.0,0.0,25183.83
NSW0000670,RES0008890,CLB011,otro,,NO,NO,1,0.0,0.0,5845.59
NSW0000671,RES0008907,CLB019,lluvia,,SI,NO,2,0.0,0.0,16524.72
NSW0000672,RES0008913,CLB017,lluvia,,SI,NO,3,0.0,0.0,12039.48
NSW0000673,RES0008918,CLB019,lluvia,,SI,NO,3,0.0,0.0,13664.55
NSW0000674,RES0008925,CLB006,lluvia,,SI,NO,1,0.0,0.0,1911.05
NSW0000675,RES0008926,CLB001,friccion_social,handicap_horario_restringido|anticipacion_insuficiente,SI,SI,3,0.0,0.0,6003.99
NSW0000676,RES0008930,CLB008,friccion_social,handicap_horario_restringido,SI,SI,2,0.0,0.0,7166.46
NSW0000677,RES0008971,CLB007,otro,,NO,NO,2,0.0,0.0,1716.68
NSW0000678,RES0008983,CLB018,friccion_social,llegada_tarde,SI,SI,2,0.0,0.0,4166.16
NSW0000679,RES0008984,CLB016,friccion_social,handicap_horario_restringido,NO,SI,3,0.0,0.0,7088.19
NSW0000680,RES0008986,CLB013,otro,,NO,NO,4,0.0,0.0,4527.32
NSW0000681,RES0008988,CLB018,friccion_social,handicap_horario_restringido,SI,SI,3,0.0,0.0,21198.48
NSW0000682,RES0008990,CLB007,friccion_social,llegada_tarde,SI,SI,1,0.0,0.0,486.59
NSW0000683,RES0009021,CLB008,friccion_social,anticipacion_insuficiente,SI,SI,4,0.0,0.0,5580.24
NSW0000684,RES0009028,CLB008,friccion_social,handicap_horario_restringido,SI,SI,4,0.0,0.0,9918.24
NSW0000685,RES0009046,CLB012,lluvia,,SI,NO,1,0.0,0.0,2993.68
NSW0000686,RES0009053,CLB018,friccion_social,handicap_horario_restringido|anticipacion_insuficiente,NO,SI,3,0.0,0.0,15076.05
NSW0000687,RES0009060,CLB014,otro,,NO,NO,3,0.0,0.0,23376.72
NSW0000688,RES0009064,CLB019,friccion_social,discrepancia_inventario,NO,SI,2,0.0,0.0,17166.36
NSW0000689,RES0009073,CLB012,otro,,NO,NO,2,0.0,0.0,1843.4
NSW0000690,RES0009085,CLB002,otro,,NO,NO,2,0.0,0.0,1313.54
NSW0000691,RES0009091,CLB010,friccion_social,llegada_tarde,SI,SI,2,0.0,0.0,1698.88
NSW0000692,RES0009103,CLB009,friccion_social,anticipacion_insuficiente,NO,SI,1,0.0,0.0,1015.75
NSW0000693,RES0009104,CLB012,friccion_social,llegada_tarde,NO,SI,3,0.0,0.0,9007.95
NSW0000694,RES0009131,CLB006,otro,,NO,NO,3,0.0,0.0,10724.79
NSW0000695,RES0009137,CLB013,otro,,NO,NO,3,0.0,0.0,7478.07
NSW0000696,RES0009144,CLB001,friccion_social,llegada_tarde,NO,SI,2,0.0,0.0,806.74
NSW0000697,RES0009156,CLB019,friccion_social,discrepancia_inventario,NO,SI,2,0.0,0.0,17453.66
NSW0000698,RES0009170,CLB002,lluvia,,SI,NO,2,0.0,0.0,1736.96
NSW0000699,RES0009171,CLB019,otro,,NO,NO,2,0.0,0.0,4081.98
NSW0000700,RES0009178,CLB014,lluvia,,SI,NO,1,0.0,0.0,9929.16
NSW0000701,RES0009188,CLB012,otro,,NO,NO,3,0.0,0.0,13708.98
NSW0000702,RES0009220,CLB018,friccion_social,anticipacion_insuficiente,SI,SI,3,0.0,0.0,21473.76
NSW0000703,RES0009222,CLB013,lluvia,,SI,NO,4,0.0,0.0,21925.04
NSW0000704,RES0009228,CLB014,otro,,NO,NO,2,0.0,0.0,20048.08
NSW0000705,RES0009237,CLB018,friccion_social,anticipacion_insuficiente,SI,SI,3,0.0,0.0,21459.45
NSW0000706,RES0009241,CLB017,lluvia,,SI,NO,1,0.0,0.0,5033.17
NSW0000707,RES0009248,CLB017,friccion_social,handicap_horario_restringido|anticipacion_insuficiente,SI,SI,2,0.0,0.0,9722.22
NSW0000708,RES0009256,CLB014,lluvia,,SI,NO,3,0.0,0.0,23859.39
NSW0000709,RES0009268,CLB019,lluvia,,SI,NO,4,0.0,0.0,33212.32
NSW0000710,RES0009274,CLB011,otro,,NO,NO,2,0.0,0.0,12212.68
NSW0000711,RES0009297,CLB014,lluvia,,SI,NO,2,0.0,0.0,15597.84
NSW0000712,RES0009298,CLB017,friccion_social,handicap_horario_restringido,SI,SI,1,0.0,0.0,2146.31
NSW0000713,RES0009303,CLB007,friccion_social,anticipacion_insuficiente,SI,SI,2,0.0,0.0,1335.84
NSW0000714,RES0009304,CLB011,otro,,NO,NO,1,0.0,0.0,6042.44
NSW0000715,RES0009311,CLB007,otro,,NO,NO,3,0.0,0.0,1062.54
NSW0000716,RES0009321,CLB001,friccion_social,handicap_horario_restringido,SI,SI,2,0.0,0.0,3945.78
NSW0000717,RES0009331,CLB008,otro,,NO,NO,1,0.0,0.0,2562.19
NSW0000718,RES0009339,CLB015,lluvia,,SI,NO,4,0.0,0.0,9805.92
NSW0000719,RES0009351,CLB019,friccion_social,discrepancia_inventario,NO,SI,3,0.0,0.0,26203.38
NSW0000720,RES0009369,CLB019,friccion_social,discrepancia_inventario,SI,SI,2,0.0,0.0,4948.58
NSW0000721,RES0009374,CLB014,friccion_social,llegada_tarde,SI,SI,4,0.0,0.0,17791.68
NSW0000722,RES0009389,CLB001,friccion_social,llegada_tarde|anticipacion_insuficiente,SI,SI,1,0.0,0.0,1999.38
NSW0000723,RES0009395,CLB003,friccion_social,llegada_tarde,NO,SI,2,0.0,0.0,853.64
NSW0000724,RES0009403,CLB010,friccion_social,llegada_tarde,NO,SI,4,0.0,0.0,8766.48
NSW0000725,RES0009423,CLB005,friccion_social,anticipacion_insuficiente,SI,SI,4,0.0,0.0,14243.84
NSW0000726,RES0009424,CLB013,lluvia,,SI,NO,2,0.0,0.0,10792.86
NSW0000727,RES0009425,CLB008,friccion_social,anticipacion_insuficiente,NO,SI,3,0.0,0.0,10810.14
NSW0000728,RES0009426,CLB015,lluvia,,SI,NO,3,0.0,0.0,5911.65
NSW0000729,RES0009442,CLB005,friccion_social,llegada_tarde|handicap_horario_restringido,NO,SI,4,0.0,0.0,14069.08
NSW0000730,RES0009444,CLB011,friccion_social,llegada_tarde,NO,SI,2,0.0,0.0,11725.36
NSW0000731,RES0009447,CLB002,lluvia,,SI,NO,2,0.0,0.0,1756.64
NSW0000732,RES0009450,CLB012,otro,,NO,NO,3,0.0,0.0,13617.69
NSW0000733,RES0009455,CLB013,lluvia,,SI,NO,3,0.0,0.0,16183.32
NSW0000734,RES0009482,CLB016,friccion_social,anticipacion_insuficiente,SI,SI,2,0.0,0.0,8563.4
NSW0000735,RES0009492,CLB019,lluvia,,SI,NO,3,0.0,0.0,14265.0
NSW0000736,RES0009494,CLB004,friccion_social,handicap_horario_restringido,NO,SI,4,0.0,0.0,3984.72
NSW0000737,RES0009498,CLB013,lluvia,,SI,NO,4,0.0,0.0,9822.12
NSW0000738,RES0009518,CLB011,friccion_social,llegada_tarde,SI,SI,3,0.0,0.0,9783.81
NSW0000739,RES0009521,CLB012,otro,,NO,NO,3,0.0,0.0,8955.15
NSW0000740,RES0009523,CLB011,friccion_social,llegada_tarde,NO,SI,2,0.0,0.0,11719.46
NSW0000741,RES0009538,CLB016,friccion_social,handicap_horario_restringido,NO,SI,1,0.0,0.0,6099.2
NSW0000742,RES0009548,CLB012,lluvia,,SI,NO,1,0.0,0.0,1641.53
NSW0000743,RES0009574,CLB003,lluvia,,SI,NO,2,0.0,0.0,548.62
NSW0000744,RES0009582,CLB013,lluvia,,SI,NO,1,0.0,0.0,1353.74
NSW0000745,RES0009585,CLB005,friccion_social,anticipacion_insuficiente,SI,SI,2,0.0,0.0,5571.46
NSW0000746,RES0009588,CLB013,friccion_social,llegada_tarde,SI,SI,3,0.0,0.0,13855.5
NSW0000747,RES0009595,CLB008,friccion_social,anticipacion_insuficiente,SI,SI,1,0.0,0.0,2542.65
NSW0000748,RES0009600,CLB018,friccion_social,handicap_horario_restringido|anticipacion_insuficiente,NO,SI,3,0.0,0.0,14832.18
NSW0000749,RES0009605,CLB012,lluvia,,SI,NO,2,0.0,0.0,1764.08
NSW0000750,RES0009610,CLB019,friccion_social,llegada_tarde,NO,SI,4,0.0,0.0,18371.96
NSW0000751,RES0009648,CLB014,lluvia,,SI,NO,3,0.0,0.0,16532.61
NSW0000752,RES0009650,CLB002,lluvia,,SI,NO,4,0.0,0.0,1299.52
NSW0000753,RES0009669,CLB009,friccion_social,anticipacion_insuficiente,SI,SI,3,0.0,0.0,8226.48
NSW0000754,RES0009674,CLB006,friccion_social,anticipacion_insuficiente,SI,SI,4,0.0,0.0,20306.52
NSW0000755,RES0009690,CLB013,lluvia,,SI,NO,1,0.0,0.0,3061.38
NSW0000756,RES0009692,CLB016,friccion_social,anticipacion_insuficiente,SI,SI,1,0.0,0.0,7770.18
NSW0000757,RES0009694,CLB008,friccion_social,handicap_horario_restringido|anticipacion_insuficiente,NO,SI,2,0.0,0.0,6866.12
NSW0000758,RES0009703,CLB012,lluvia,,SI,NO,1,0.0,0.0,3012.52
NSW0000759,RES0009704,CLB015,friccion_social,handicap_horario_restringido,SI,SI,1,0.0,0.0,2567.52
NSW0000760,RES0009720,CLB011,friccion_social,llegada_tarde,NO,SI,4,0.0,0.0,23599.0
NSW0000761,RES0009743,CLB019,friccion_social,discrepancia_inventario,NO,SI,3,0.0,0.0,14273.82
NSW0000762,RES0009774,CLB017,friccion_social,anticipacion_insuficiente,SI,SI,3,0.0,0.0,11921.31
NSW0000763,RES0009814,CLB005,friccion_social,handicap_horario_restringido|anticipacion_insuficiente,SI,SI,4,0.0,0.0,3262.44
NSW0000764,RES0009816,CLB019,otro,,NO,NO,3,0.0,0.0,13855.32
NSW0000765,RES0009826,CLB001,lluvia,,SI,NO,2,0.0,0.0,3946.94
NSW0000766,RES0009830,CLB008,friccion_social,handicap_horario_restringido,SI,SI,2,0.0,0.0,5034.52
NSW0000767,RES0009831,CLB001,friccion_social,llegada_tarde,SI,SI,1,0.0,0.0,1088.49
NSW0000768,RES0009835,CLB015,lluvia,,SI,NO,1,0.0,0.0,3419.13
NSW0000769,RES0009839,CLB003,otro,,NO,NO,4,0.0,0.0,638.32
NSW0000770,RES0009848,CLB005,otro,,NO,NO,1,0.0,0.0,1928.63
NSW0000771,RES0009855,CLB010,friccion_social,llegada_tarde|anticipacion_insuficiente,NO,SI,1,0.0,0.0,1221.14
NSW0000772,RES0009857,CLB016,otro,,NO,NO,1,0.0,0.0,4348.19
NSW0000773,RES0009865,CLB019,otro,,NO,NO,2,0.0,0.0,20233.32
NSW0000774,RES0009868,CLB008,friccion_social,anticipacion_insuficiente,SI,SI,1,0.0,0.0,3510.57
NSW0000775,RES0009890,CLB004,lluvia,,SI,NO,3,0.0,0.0,5383.98
NSW0000776,RES0009918,CLB001,friccion_social,llegada_tarde,SI,SI,3,0.0,0.0,2290.26
NSW0000777,RES0009924,CLB008,friccion_social,anticipacion_insuficiente,SI,SI,4,0.0,0.0,10142.64
NSW0000778,RES0009940,CLB014,otro,,NO,NO,3,0.0,0.0,24610.14
NSW0000779,RES0009966,CLB012,lluvia,,SI,NO,4,0.0,0.0,2333.44
NSW0000780,RES0009971,CLB015,friccion_social,handicap_horario_restringido,SI,SI,1,0.0,0.0,1410.18
NSW0000781,RES0009980,CLB005,lluvia,,SI,NO,3,0.0,0.0,8601.87
NSW0000782,RES0010030,CLB001,friccion_social,llegada_tarde|handicap_horario_restringido,SI,SI,2,0.0,0.0,4002.96
NSW0000783,RES0010038,CLB008,otro,,NO,NO,2,0.0,0.0,4854.3
NSW0000784,RES0010054,CLB008,friccion_social,anticipacion_insuficiente,NO,SI,4,0.0,0.0,9861.88
NSW0000785,RES0010073,CLB005,otro,,NO,NO,3,0.0,0.0,10676.01
NSW0000786,RES0010077,CLB007,lluvia,,SI,NO,1,0.0,0.0,892.1
NSW0000787,RES0010084,CLB013,lluvia,,SI,NO,2,0.0,0.0,6126.68
NSW0000788,RES0010096,CLB006,lluvia,,SI,NO,3,0.0,0.0,8388.93
NSW0000789,RES0010103,CLB015,friccion_social,llegada_tarde,NO,SI,1,0.0,0.0,3411.8
NSW0000790,RES0010113,CLB005,friccion_social,handicap_horario_restringido,NO,SI,3,0.0,0.0,10389.93
NSW0000791,RES0010117,CLB014,friccion_social,llegada_tarde,NO,SI,2,0.0,0.0,20001.84
NSW0000792,RES0010123,CLB015,otro,,NO,NO,2,0.0,0.0,2129.68
NSW0000793,RES0010124,CLB001,otro,,NO,NO,1,0.0,0.0,2522.22
NSW0000794,RES0010133,CLB011,lluvia,,SI,NO,4,0.0,0.0,24023.72
NSW0000795,RES0010135,CLB006,lluvia,,SI,NO,2,0.0,0.0,9923.58
NSW0000796,RES0010140,CLB014,lluvia,,SI,NO,3,0.0,0.0,29377.74
NSW0000797,RES0010143,CLB001,lluvia,,SI,NO,4,0.0,0.0,10093.08
NSW0000798,RES0010153,CLB006,otro,,NO,NO,3,0.0,0.0,15438.3
NSW0000799,RES0010200,CLB005,friccion_social,handicap_horario_restringido|anticipacion_insuficiente,NO,SI,3,0.0,0.0,8324.76
NSW0000800,RES0010208,CLB006,lluvia,,SI,NO,3,0.0,0.0,10475.97
NSW0000801,RES0010213,CLB019,friccion_social,llegada_tarde,NO,SI,3,0.0,0.0,14310.72
NSW0000802,RES0010228,CLB005,lluvia,,SI,NO,2,0.0,0.0,3171.96
NSW0000803,RES0010247,CLB005,friccion_social,anticipacion_insuficiente,SI,SI,1,0.0,0.0,2744.11
NSW0000804,RES0010284,CLB003,lluvia,,SI,NO,1,0.0,0.0,156.42
NSW0000805,RES0010294,CLB006,lluvia,,SI,NO,3,0.0,0.0,14621.49
NSW0000806,RES0010297,CLB017,friccion_social,llegada_tarde|handicap_horario_restringido|anticipacion_insuficiente,SI,SI,3,0.0,0.0,15271.77
NSW0000807,RES0010308,CLB015,friccion_social,handicap_horario_restringido,NO,SI,1,0.0,0.0,3440.44
NSW0000808,RES0010317,CLB014,lluvia,,SI,NO,1,0.0,0.0,10285.6
NSW0000809,RES0010320,CLB003,lluvia,,SI,NO,2,0.0,0.0,891.42
NSW0000810,RES0010321,CLB016,friccion_social,llegada_tarde,SI,SI,4,0.0,0.0,17811.0
NSW0000811,RES0010331,CLB012,lluvia,,SI,NO,1,0.0,0.0,1613.99
NSW0000812,RES0010341,CLB011,lluvia,,SI,NO,3,0.0,0.0,18320.76
NSW0000813,RES0010354,CLB004,lluvia,,SI,NO,2,0.0,0.0,2009.1
NSW0000814,RES0010357,CLB019,otro,,NO,NO,2,0.0,0.0,9277.3
NSW0000815,RES0010360,CLB011,otro,,NO,NO,1,0.0,0.0,1751.8
NSW0000816,RES0010369,CLB009,otro,,NO,NO,4,0.0,0.0,7148.36
NSW0000817,RES0010370,CLB002,otro,,NO,NO,2,0.0,0.0,734.16
NSW0000818,RES0010373,CLB006,friccion_social,llegada_tarde|anticipacion_insuficiente,NO,SI,1,0.0,0.0,3567.0
NSW0000819,RES0010388,CLB006,friccion_social,handicap_horario_restringido|anticipacion_insuficiente,NO,SI,3,0.0,0.0,2133.93
NSW0000820,RES0010389,CLB017,otro,,NO,NO,2,0.0,0.0,7874.2
NSW0000821,RES0010401,CLB005,friccion_social,anticipacion_insuficiente,NO,SI,3,0.0,0.0,8337.57
NSW0000822,RES0010405,CLB010,lluvia,,SI,NO,3,0.0,0.0,920.64
NSW0000823,RES0010426,CLB006,friccion_social,handicap_horario_restringido,SI,SI,3,0.0,0.0,10421.49
NSW0000824,RES0010430,CLB019,friccion_social,llegada_tarde,SI,SI,2,0.0,0.0,9293.68
NSW0000825,RES0010448,CLB016,friccion_social,handicap_horario_restringido,NO,SI,3,0.0,0.0,24247.47
NSW0000826,RES0010449,CLB004,otro,,NO,NO,2,0.0,0.0,3596.62
NSW0000827,RES0010477,CLB011,otro,,NO,NO,2,0.0,0.0,6424.44
NSW0000828,RES0010478,CLB006,friccion_social,handicap_horario_restringido|anticipacion_insuficiente,SI,SI,3,0.0,0.0,8396.16
NSW0000829,RES0010486,CLB012,lluvia,,SI,NO,1,0.0,0.0,4526.55
NSW0000830,RES0010488,CLB015,otro,,NO,NO,3,0.0,0.0,10586.88
NSW0000831,RES0010492,CLB008,friccion_social,llegada_tarde,NO,SI,3,0.0,0.0,5859.15
NSW0000832,RES0010497,CLB011,lluvia,,SI,NO,3,0.0,0.0,9891.51
NSW0000833,RES0010499,CLB016,friccion_social,handicap_horario_restringido,SI,SI,4,0.0,0.0,31831.6
NSW0000834,RES0010524,CLB006,friccion_social,handicap_horario_restringido,NO,SI,2,0.0,0.0,10276.24
NSW0000835,RES0010538,CLB015,lluvia,,SI,NO,3,0.0,0.0,7422.99
NSW0000836,RES0010567,CLB004,otro,,NO,NO,1,0.0,0.0,201.34
NSW0000837,RES0010591,CLB015,otro,,NO,NO,3,0.0,0.0,4138.2
NSW0000838,RES0010596,CLB003,friccion_social,llegada_tarde,NO,SI,2,0.0,0.0,553.46
NSW0000839,RES0010602,CLB013,lluvia,,SI,NO,1,0.0,0.0,4546.22
NSW0000840,RES0010614,CLB019,otro,,NO,NO,2,0.0,0.0,17294.42
NSW0000841,RES0010618,CLB018,friccion_social,anticipacion_insuficiente,NO,SI,2,0.0,0.0,10179.26
NSW0000842,RES0010657,CLB002,friccion_social,llegada_tarde,NO,SI,3,0.0,0.0,2687.67
NSW0000843,RES0010660,CLB004,friccion_social,anticipacion_insuficiente,SI,SI,1,0.0,0.0,1811.39
NSW0000844,RES0010668,CLB002,lluvia,,SI,NO,3,0.0,0.0,2664.54
NSW0000845,RES0010671,CLB016,lluvia,,SI,NO,1,0.0,0.0,2464.01
NSW0000846,RES0010675,CLB014,lluvia,,SI,NO,2,0.0,0.0,19951.5
NSW0000847,RES0010682,CLB007,lluvia,,SI,NO,4,0.0,0.0,3568.08
NSW0000848,RES0010685,CLB011,otro,,NO,NO,3,0.0,0.0,17582.4
NSW0000849,RES0010696,CLB001,lluvia,,SI,NO,4,0.0,0.0,10153.36
NSW0000850,RES0010722,CLB001,friccion_social,handicap_horario_restringido,SI,SI,4,0.0,0.0,9866.44
NSW0000851,RES0010743,CLB011,lluvia,,SI,NO,2,0.0,0.0,11873.34
NSW0000852,RES0010748,CLB008,otro,,NO,NO,3,0.0,0.0,2216.79
NSW0000853,RES0010752,CLB011,lluvia,,SI,NO,1,0.0,0.0,6112.07
NSW0000854,RES0010757,CLB017,lluvia,,SI,NO,3,0.0,0.0,6458.28
NSW0000855,RES0010789,CLB013,lluvia,,SI,NO,3,0.0,0.0,2703.45
NSW0000856,RES0010794,CLB009,lluvia,,SI,NO,3,0.0,0.0,5257.2
NSW0000857,RES0010805,CLB017,lluvia,,SI,NO,2,0.0,0.0,2435.12
NSW0000858,RES0010813,CLB006,friccion_social,anticipacion_insuficiente,SI,SI,2,0.0,0.0,3912.78
NSW0000859,RES0010831,CLB012,lluvia,,SI,NO,3,0.0,0.0,8905.02
NSW0000860,RES0010837,CLB010,otro,,NO,NO,2,0.0,0.0,3070.64
NSW0000861,RES0010839,CLB013,friccion_social,llegada_tarde,NO,SI,1,0.0,0.0,4467.18
NSW0000862,RES0010851,CLB005,friccion_social,handicap_horario_restringido,NO,SI,1,0.0,0.0,3602.06
NSW0000863,RES0010859,CLB004,friccion_social,llegada_tarde,NO,SI,2,0.0,0.0,3670.48
NSW0000864,RES0010878,CLB010,friccion_social,llegada_tarde,NO,SI,2,0.0,0.0,4408.5
NSW0000865,RES0010883,CLB017,friccion_social,llegada_tarde,SI,SI,2,0.0,0.0,10296.38
NSW0000866,RES0010894,CLB006,friccion_social,llegada_tarde|anticipacion_insuficiente,NO,SI,3,0.0,0.0,15133.95
NSW0000867,RES0010919,CLB014,friccion_social,anticipacion_insuficiente,SI,SI,2,0.0,0.0,8731.74
NSW0000868,RES0010926,CLB015,lluvia,,SI,NO,3,0.0,0.0,2257.17
NSW0000869,RES0010950,CLB003,otro,,NO,NO,3,0.0,0.0,837.93
NSW0000870,RES0010980,CLB014,lluvia,,SI,NO,1,0.0,0.0,8062.02
NSW0000871,RES0010986,CLB001,lluvia,,SI,NO,2,0.0,0.0,1227.64
NSW0000872,RES0010987,CLB017,friccion_social,anticipacion_insuficiente,SI,SI,4,0.0,0.0,3129.04
NSW0000873,RES0010992,CLB003,lluvia,,SI,NO,2,0.0,0.0,554.3
NSW0000874,RES0010995,CLB001,lluvia,,SI,NO,3,0.0,0.0,1201.38
NSW0000875,RES0011004,CLB011,lluvia,,SI,NO,2,0.0,0.0,2335.24
NSW0000876,RES0011096,CLB001,lluvia,,SI,NO,2,0.0,0.0,782.94
NSW0000877,RES0011101,CLB013,otro,,NO,NO,3,0.0,0.0,13536.09
NSW0000878,RES0011104,CLB008,friccion_social,anticipacion_insuficiente,NO,SI,4,0.0,0.0,2059.36
NSW0000879,RES0011108,CLB011,otro,,NO,NO,4,0.0,0.0,24472.32
NSW0000880,RES0011110,CLB012,otro,,NO,NO,2,0.0,0.0,3368.08
NSW0000881,RES0011117,CLB010,lluvia,,SI,NO,1,0.0,0.0,825.99
NSW0000882,RES0011125,CLB011,friccion_social,discrepancia_inventario,NO,SI,3,0.0,0.0,18205.32
NSW0000883,RES0011128,CLB002,friccion_social,discrepancia_inventario,NO,SI,1,0.0,0.0,672.8
NSW0000884,RES0011140,CLB002,otro,,NO,NO,3,0.0,0.0,1922.19
NSW0000885,RES0011150,CLB010,friccion_social,llegada_tarde,NO,SI,2,0.0,0.0,3082.64
NSW0000886,RES0011151,CLB010,friccion_social,llegada_tarde,SI,SI,1,0.0,0.0,1471.4
NSW0000887,RES0011159,CLB012,lluvia,,SI,NO,1,0.0,0.0,1660.33
NSW0000888,RES0011160,CLB015,friccion_social,anticipacion_insuficiente,SI,SI,2,0.0,0.0,5095.7
NSW0000889,RES0011177,CLB014,otro,,NO,NO,4,0.0,0.0,32287.56
NSW0000890,RES0011182,CLB014,lluvia,,SI,NO,1,0.0,0.0,7904.0
NSW0000891,RES0011185,CLB002,friccion_social,llegada_tarde,SI,SI,3,0.0,0.0,1921.08
NSW0000892,RES0011189,CLB013,otro,,NO,NO,4,0.0,0.0,9651.8
NSW0000893,RES0011212,CLB014,lluvia,,SI,NO,2,0.0,0.0,10899.58
NSW0000894,RES0011253,CLB010,otro,,NO,NO,3,0.0,0.0,3557.67
NSW0000895,RES0011259,CLB019,otro,,NO,NO,1,0.0,0.0,9871.55
NSW0000896,RES0011327,CLB012,lluvia,,SI,NO,3,0.0,0.0,4824.15
NSW0000897,RES0011341,CLB006,friccion_social,handicap_horario_restringido,NO,SI,3,0.0,0.0,10425.15
NSW0000898,RES0011362,CLB010,otro,,NO,NO,2,0.0,0.0,2982.72
NSW0000899,RES0011365,CLB016,friccion_social,anticipacion_insuficiente|discrepancia_inventario,NO,SI,4,0.0,0.0,23586.12
NSW0000900,RES0011373,CLB011,lluvia,,SI,NO,3,0.0,0.0,5318.67
NSW0000901,RES0011375,CLB006,friccion_social,llegada_tarde,SI,SI,1,0.0,0.0,4852.51
NSW0000902,RES0011380,CLB013,lluvia,,SI,NO,3,0.0,0.0,16746.6
NSW0000903,RES0011401,CLB002,friccion_social,llegada_tarde,NO,SI,4,0.0,0.0,3602.36
NSW0000904,RES0011406,CLB006,friccion_social,llegada_tarde|anticipacion_insuficiente,SI,SI,2,0.0,0.0,5544.2
NSW0000905,RES0011408,CLB008,friccion_social,anticipacion_insuficiente,SI,SI,1,0.0,0.0,695.38
NSW0000906,RES0011426,CLB018,friccion_social,handicap_horario_restringido|anticipacion_insuficiente,NO,SI,2,0.0,0.0,7872.42
NSW0000907,RES0011434,CLB015,friccion_social,handicap_horario_restringido,SI,SI,3,0.0,0.0,10351.47
NSW0000908,RES0011435,CLB011,friccion_social,llegada_tarde,NO,SI,2,0.0,0.0,11659.4
NSW0000909,RES0011452,CLB004,friccion_social,llegada_tarde,NO,SI,2,0.0,0.0,393.4
NSW0000910,RES0011456,CLB012,lluvia,,SI,NO,1,0.0,0.0,2963.68
NSW0000911,RES0011471,CLB005,otro,,NO,NO,3,0.0,0.0,8277.39
NSW0000912,RES0011487,CLB014,friccion_social,discrepancia_inventario,NO,SI,4,0.0,0.0,17561.72
NSW0000913,RES0011501,CLB006,friccion_social,handicap_horario_restringido,NO,SI,1,0.0,0.0,3450.2
NSW0000914,RES0011525,CLB015,friccion_social,handicap_horario_restringido,SI,SI,4,0.0,0.0,10120.24
NSW0000915,RES0011529,CLB001,lluvia,,SI,NO,1,0.0,0.0,2050.38
NSW0000916,RES0011543,CLB006,friccion_social,anticipacion_insuficiente|discrepancia_inventario,NO,SI,2,0.0,0.0,2073.0
NSW0000917,RES0011558,CLB006,lluvia,,SI,NO,1,0.0,0.0,5098.67
NSW0000918,RES0011567,CLB010,otro,,NO,NO,2,0.0,0.0,4356.4
NSW0000919,RES0011572,CLB019,lluvia,,SI,NO,2,0.0,0.0,20367.72
NSW0000920,RES0011577,CLB016,friccion_social,handicap_horario_restringido|anticipacion_insuficiente,NO,SI,4,0.0,0.0,31457.68
NSW0000921,RES0011587,CLB018,lluvia,,SI,NO,4,0.0,0.0,5656.28
NSW0000922,RES0011627,CLB019,otro,,NO,NO,3,0.0,0.0,26011.8
NSW0000923,RES0011630,CLB004,lluvia,,SI,NO,3,0.0,0.0,2924.88
NSW0000924,RES0011634,CLB001,lluvia,,SI,NO,2,0.0,0.0,4035.94
NSW0000925,RES0011637,CLB019,friccion_social,discrepancia_inventario,NO,SI,3,0.0,0.0,25295.49
NSW0000926,RES0011664,CLB013,lluvia,,SI,NO,2,0.0,0.0,8896.46
NSW0000927,RES0011669,CLB010,lluvia,,SI,NO,2,0.0,0.0,2938.44
NSW0000928,RES0011688,CLB018,friccion_social,anticipacion_insuficiente,NO,SI,4,0.0,0.0,20405.04
NSW0000929,RES0011704,CLB016,friccion_social,handicap_horario_restringido,SI,SI,2,0.0,0.0,11918.76
NSW0000930,RES0011716,CLB017,friccion_social,llegada_tarde,NO,SI,1,0.0,0.0,2173.78
NSW0000931,RES0011730,CLB019,friccion_social,llegada_tarde,NO,SI,1,0.0,0.0,9881.46
NSW0000932,RES0011751,CLB006,otro,,NO,NO,1,0.0,0.0,2765.92
NSW0000933,RES0011787,CLB003,otro,,NO,NO,1,0.0,0.0,445.55
NSW0000934,RES0011790,CLB019,friccion_social,llegada_tarde,NO,SI,2,0.0,0.0,16582.5
NSW0000935,RES0011794,CLB014,lluvia,,SI,NO,3,0.0,0.0,23982.27
NSW0000936,RES0011796,CLB011,friccion_social,llegada_tarde,NO,SI,3,0.0,0.0,17594.46
NSW0000937,RES0011797,CLB008,otro,,NO,NO,1,0.0,0.0,2463.16
NSW0000938,RES0011798,CLB001,friccion_social,discrepancia_inventario,NO,SI,2,0.0,0.0,4032.6
NSW0000939,RES0011825,CLB008,friccion_social,handicap_horario_restringido,NO,SI,1,0.0,0.0,2537.24
NSW0000940,RES0011865,CLB011,friccion_social,discrepancia_inventario,NO,SI,3,0.0,0.0,3697.77
NSW0000941,RES0011871,CLB001,otro,,NO,NO,3,0.0,0.0,7620.03
NSW0000942,RES0011873,CLB014,lluvia,,SI,NO,4,0.0,0.0,40028.32
NSW0000943,RES0011881,CLB008,otro,,NO,NO,1,0.0,0.0,1946.08
NSW0000944,RES0011887,CLB014,friccion_social,anticipacion_insuficiente,NO,SI,1,0.0,0.0,9842.64
NSW0000945,RES0011903,CLB013,otro,,NO,NO,1,0.0,0.0,5659.64
NSW0000946,RES0011910,CLB001,otro,,NO,NO,2,0.0,0.0,2757.78
NSW0000947,RES0011913,CLB018,friccion_social,llegada_tarde|handicap_horario_restringido,NO,SI,4,0.0,0.0,27615.32
NSW0000948,RES0011925,CLB019,friccion_social,llegada_tarde,NO,SI,4,0.0,0.0,18355.84
NSW0000949,RES0011943,CLB010,friccion_social,llegada_tarde,NO,SI,3,0.0,0.0,2454.72
NSW0000950,RES0011975,CLB012,friccion_social,llegada_tarde,NO,SI,1,0.0,0.0,603.31
NSW0000951,RES0011987,CLB017,friccion_social,anticipacion_insuficiente,SI,SI,2,0.0,0.0,4508.5
NSW0000952,RES0012015,CLB008,friccion_social,llegada_tarde|handicap_horario_restringido,NO,SI,1,0.0,0.0,1052.21
NSW0000953,RES0012043,CLB018,friccion_social,handicap_horario_restringido,NO,SI,3,0.0,0.0,11411.25
NSW0000954,RES0012059,CLB015,friccion_social,discrepancia_inventario,NO,SI,1,0.0,0.0,2481.05
NSW0000955,RES0012065,CLB018,friccion_social,anticipacion_insuficiente,NO,SI,4,0.0,0.0,4056.44
NSW0000956,RES0012083,CLB008,friccion_social,llegada_tarde,NO,SI,3,0.0,0.0,7639.71
NSW0000957,RES0012105,CLB001,friccion_social,llegada_tarde,NO,SI,3,0.0,0.0,3318.3
NSW0000958,RES0012116,CLB013,lluvia,,SI,NO,4,0.0,0.0,18073.52
NSW0000959,RES0012143,CLB016,otro,,NO,NO,1,0.0,0.0,2352.76
NSW0000960,RES0012162,CLB004,otro,,NO,NO,2,0.0,0.0,3640.22
NSW0000961,RES0012170,CLB013,lluvia,,SI,NO,3,0.0,0.0,16037.04
NSW0000962,RES0012174,CLB019,otro,,NO,NO,1,0.0,0.0,9713.12
NSW0000963,RES0012181,CLB013,friccion_social,llegada_tarde,NO,SI,1,0.0,0.0,4423.39
NSW0000964,RES0012188,CLB014,friccion_social,anticipacion_insuficiente,NO,SI,3,0.0,0.0,24684.84
NSW0000965,RES0012192,CLB001,friccion_social,llegada_tarde,NO,SI,2,0.0,0.0,4034.92
NSW0000966,RES0012198,CLB005,otro,,NO,NO,3,0.0,0.0,8288.76
NSW0000967,RES0012221,CLB013,lluvia,,SI,NO,2,0.0,0.0,8816.74
NSW0000968,RES0012222,CLB005,otro,,NO,NO,2,0.0,0.0,3138.88
NSW0000969,RES0012223,CLB006,friccion_social,anticipacion_insuficiente,NO,SI,3,0.0,0.0,10345.41
NSW0000970,RES0012231,CLB011,otro,,NO,NO,2,0.0,0.0,12324.36
NSW0000971,RES0012236,CLB006,friccion_social,anticipacion_insuficiente,NO,SI,3,0.0,0.0,10572.57
NSW0000972,RES0012244,CLB006,otro,,NO,NO,4,0.0,0.0,13726.68
NSW0000973,RES0012252,CLB013,otro,,NO,NO,3,0.0,0.0,4156.38
NSW0000974,RES0012274,CLB014,friccion_social,discrepancia_inventario,NO,SI,4,0.0,0.0,40344.68
NSW0000975,RES0012275,CLB005,friccion_social,llegada_tarde,NO,SI,1,0.0,0.0,1926.06
NSW0000976,RES0012299,CLB012,lluvia,,SI,NO,2,0.0,0.0,9005.08
NSW0000977,RES0012364,CLB003,otro,,NO,NO,2,0.0,0.0,542.32
NSW0000978,RES0012397,CLB014,lluvia,,SI,NO,3,0.0,0.0,23640.66
NSW0000979,RES0012398,CLB012,friccion_social,discrepancia_inventario,SI,SI,1,0.0,0.0,595.09
NSW0000980,RES0012414,CLB005,otro,,NO,NO,4,0.0,0.0,3364.88
NSW0000981,RES0012418,CLB011,otro,,NO,NO,4,0.0,0.0,23788.4
NSW0000982,RES0012429,CLB014,otro,,NO,NO,3,0.0,0.0,24277.08
NSW0000983,RES0012461,CLB014,otro,,NO,NO,2,0.0,0.0,8863.58
NSW0000984,RES0012464,CLB006,friccion_social,handicap_horario_restringido,NO,SI,2,0.0,0.0,3940.34
NSW0000985,RES0012480,CLB011,otro,,NO,NO,2,0.0,0.0,3509.38
NSW0000986,RES0012506,CLB013,otro,,NO,NO,3,0.0,0.0,9086.52
NSW0000987,RES0012539,CLB012,otro,,NO,NO,1,0.0,0.0,1352.74
NSW0000988,RES0012567,CLB013,otro,,NO,NO,2,0.0,0.0,11261.72
NSW0000989,RES0012569,CLB008,friccion_social,handicap_horario_restringido,NO,SI,3,0.0,0.0,5616.09
NSW0000990,RES0012594,CLB013,otro,,NO,NO,3,0.0,0.0,13476.9
NSW0000991,RES0012601,CLB015,friccion_social,llegada_tarde,NO,SI,4,0.0,0.0,5648.6
NSW0000992,RES0012632,CLB005,friccion_social,handicap_horario_restringido,NO,SI,3,0.0,0.0,8526.27
NSW0000993,RES0012655,CLB005,friccion_social,handicap_horario_restringido|anticipacion_insuficiente,NO,SI,3,0.0,0.0,8383.77
NSW0000994,RES0012743,CLB011,otro,,NO,NO,2,0.0,0.0,6793.28
NSW0000995,RES0012751,CLB019,otro,,NO,NO,1,0.0,0.0,5398.66
NSW0000996,RES0012801,CLB013,friccion_social,discrepancia_inventario,NO,SI,1,0.0,0.0,4621.89
NSW0000997,RES0012857,CLB012,friccion_social,llegada_tarde,NO,SI,2,0.0,0.0,5947.84
NSW0000998,RES0012860,CLB012,otro,,NO,NO,2,0.0,0.0,6088.92
NSW0000999,RES0012887,CLB019,friccion_social,llegada_tarde,NO,SI,3,0.0,0.0,26237.01
NSW0001000,RES0012914,CLB006,otro,,NO,NO,1,0.0,0.0,1869.36
NSW0001001,RES0012924,CLB014,otro,,NO,NO,3,0.0,0.0,12862.92
NSW0001002,RES0012934,CLB018,friccion_social,handicap_horario_restringido,NO,SI,4,0.0,0.0,11004.04
NSW0001003,RES0012964,CLB001,friccion_social,handicap_horario_restringido,NO,SI,3,0.0,0.0,7652.1
NSW0001004,RES0012984,CLB003,otro,,NO,NO,3,0.0,0.0,714.45
NSW0001005,RES0012988,CLB019,otro,,NO,NO,2,0.0,0.0,20154.0
NSW0001006,RES0013004,CLB019,friccion_social,llegada_tarde,NO,SI,2,0.0,0.0,20045.68
NSW0001007,RES0013007,CLB011,otro,,NO,NO,2,0.0,0.0,12075.18
NSW0001008,RES0013012,CLB016,otro,,NO,NO,2,0.0,0.0,15988.78
NSW0001009,RES0013013,CLB009,lluvia,,SI,NO,3,0.0,0.0,8650.44
NSW0001010,RES0013045,CLB011,friccion_social,discrepancia_inventario,NO,SI,3,0.0,0.0,18138.6
NSW0001011,RES0013046,CLB013,otro,,NO,NO,2,0.0,0.0,2728.44
NSW0001012,RES0013047,CLB011,otro,,NO,NO,3,0.0,0.0,17835.87
NSW0001013,RES0013051,CLB001,friccion_social,llegada_tarde|handicap_horario_restringido,NO,SI,2,0.0,0.0,3975.82
NSW0001014,RES0013063,CLB015,friccion_social,llegada_tarde|handicap_horario_restringido,NO,SI,2,0.0,0.0,5103.44
NSW0001015,RES0013064,CLB019,otro,,NO,NO,3,0.0,0.0,13768.02
NSW0001016,RES0013081,CLB007,friccion_social,llegada_tarde,SI,SI,3,0.0,0.0,1981.17
NSW0001017,RES0013082,CLB017,friccion_social,llegada_tarde,NO,SI,2,0.0,0.0,8169.08
NSW0001018,RES0013084,CLB005,friccion_social,llegada_tarde,NO,SI,3,0.0,0.0,4576.77
NSW0001019,RES0013087,CLB012,lluvia,,SI,NO,3,0.0,0.0,9245.79
NSW0001020,RES0013091,CLB013,otro,,NO,NO,1,0.0,0.0,2436.21
NSW0001021,RES0013101,CLB019,friccion_social,llegada_tarde,NO,SI,2,0.0,0.0,16996.3
NSW0001022,RES0013117,CLB016,friccion_social,handicap_horario_restringido|anticipacion_insuficiente,NO,SI,1,0.0,0.0,6151.47
NSW0001023,RES0013134,CLB003,friccion_social,llegada_tarde,NO,SI,4,0.0,0.0,1094.36
NSW0001024,RES0013136,CLB008,otro,,NO,NO,4,0.0,0.0,10051.96
NSW0001025,RES0013159,CLB006,friccion_social,handicap_horario_restringido|discrepancia_inventario,NO,SI,2,0.0,0.0,6925.04
NSW0001026,RES0013168,CLB016,friccion_social,handicap_horario_restringido,NO,SI,2,0.0,0.0,6495.14
NSW0001027,RES0013181,CLB011,otro,,NO,NO,4,0.0,0.0,12836.12
NSW0001028,RES0013194,CLB008,friccion_social,llegada_tarde,NO,SI,1,0.0,0.0,3579.71
NSW0001029,RES0013197,CLB012,otro,,NO,NO,3,0.0,0.0,7330.71
NSW0001030,RES0013221,CLB012,otro,,NO,NO,3,0.0,0.0,7646.67
NSW0001031,RES0013237,CLB013,otro,,NO,NO,4,0.0,0.0,22553.6
NSW0001032,RES0013248,CLB014,otro,,NO,NO,2,0.0,0.0,6012.54
NSW0001033,RES0013261,CLB019,otro,,NO,NO,3,0.0,0.0,14128.77
NSW0001034,RES0013264,CLB019,otro,,NO,NO,1,0.0,0.0,8656.11
NSW0001035,RES0013266,CLB019,otro,,NO,NO,1,0.0,0.0,8555.54
NSW0001036,RES0013268,CLB014,friccion_social,anticipacion_insuficiente,SI,SI,2,0.0,0.0,9021.88
NSW0001037,RES0013276,CLB015,friccion_social,handicap_horario_restringido|discrepancia_inventario,NO,SI,1,0.0,0.0,2480.55
NSW0001038,RES0013307,CLB019,otro,,NO,NO,2,0.0,0.0,17098.36
NSW0001039,RES0013308,CLB012,otro,,NO,NO,1,0.0,0.0,1668.83
